Typ argumentu (szeregowy lub równoleg³y),Konkluzja,Przes³anka 1,Przes³anka 2,Przes³anka 3,Przes³anka 4,Przes³anka 5,Przes³anka 6,Przes³anka 7,Przes³anka 8
,Rzuæ palenie,Ka¿dy rok palenia skraca ¿ycie o prawie trzy miesi¹ce.,,,,,,,
szeregowy,Szczepmy siê,"Mamy teraz do czynienia z koronawirusem typu delta, którego nie znaliœmy na pocz¹tku pandemii","[koronawirus typu delta] to wyj¹tkowo zakaŸna odmiana i osoby, które nie s¹ zaszczepione nara¿aj¹ siê na wyj¹tkowo ciê¿ki przebieg choroby",Teraz mamy w Polsce ju¿ szeœæ tysiêcy zaka¿eñ dziennie,W województwie lubelskim szpitale s¹ ju¿ na granicach wydolnoœci,,,,
szeregowy,"Unikaj dotykania oczu, nosa i ust","D³onie dotykaj¹ wielu powierzchni, które mog¹ byæ ska¿one wirusem.","Jeœli dotkniesz oczu, nosa lub ust zanieczyszczonymi rêkami, mo¿esz przenieœæ wirusa z powierzchni na siebie.",,,,,,
równoleg³y,B¹d¿ aktywny fizycznie i zdrowo siê od¿ywiaj,Regularna aktywnoœæ fizyczna jest kluczem do utrzymania naszego organizmu w zdrowiu.,"Nawet 3-godzinny spacer raz w tygodniu, zmniejsza umieralnoœæ o ok. 25-47\% oraz zmniejsza ryzyko choroby niedokrwiennej serca o ok. 30-50\%.",Wysi³ek fizyczny odgrywa istotn¹ rolê w zapobieganiu chorobom degeneracyjnym mózgu,Brak aktywnoœci fizycznej wi¹¿e siê z gorsz¹ jakoœci¹ ¿ycia oraz negatywnie wp³ywa na stan zdrowia.,Nieodpowiednia dieta oraz brak aktywnoœci fizycznej s¹ jedn¹ z przyczyn przedwczesnych zgonów,,,
równoleg³y,Noœ maskê.,Os³anianie twarzy chroni Ciebie i innych.,Maska zatrzymuje rozprzestrzenianie siê wirusa,Maska zmniejsza ryzyko infekcji o 75%,,,,,
szeregowy,Zrezygnuj z u¿ywek.,"Œwiatowa Organizacja Zdrowia (WHO) alarmuje, ¿e osoby pal¹ce s¹ bardziej nara¿one na komplikacje zwi¹zane zara¿eniem koronawirusem SARS-CoV-2.", Koronawirus atakuje drogi oddechowe i powoduje ich uszkodzenie.,Dym tytoniowy ma negatywny wp³yw na stan uk³adu oddechowego, U palaczy mog¹ wyst¹piæ ciê¿sze dolegliwoœci zwi¹zane z zara¿eniem koronawirusem.,,,,
,Zbadaj piersi,Powinnaœ co dwa lata badaæ swoje piersi.,Znowu w trasê ruszy³y mammobusy i dostêp do badañ jest teraz ³atwiejszy,Zbyt póŸno wykryty rak piersi zabija,,,,,
równoleg³y,Zostañ dawc¹ szpiku,Procedura pobierania szpiku nie boli i nie jest skomplikowana.,Dziêki dawcy biorca mo¿e wyzdrowieæ., Dziêki dawcy umieraj¹cy biorca dostaje szansê na wiêcej czasu spêdzonego z rodzin¹.,Donacja pozytywnie zmienia pogl¹d na œwiat biorcy i jest Ÿród³em dobrych emocji.,,,,
równoleg³y,Wykonuj rutynowe badania,"Czerniak to jeden z rzadziej wystêpuj¹cych, ale przy tym najbardziej niebezpieczny nowotwór skóry.",Powodzenie terapii zale¿y przede wszystkim od szybkiej diagnozy i wdro¿enia skutecznego leczenia.,,,,,,
szeregowy,Zwiêksz iloœæ ruchu,W redukcji wagi wa¿ny jest tak¿e ruch.,Wed³ug szacunków organizacji World Cancer Research Fund oko³o 20% przypadków nowotworów diagnozowanych w USA ma zwi¹zek z nisk¹ aktywnoœci¹ fizyczn¹ (wysok¹ mas¹ cia³a)i innymi b³êdami w stylu ¿ycia,,,,,,
szeregowy,Rzuæ palenie,G³ówna przyczyna wystêpowania ró¿nego rodzaju nowotworów, Jeden papieros zawiera (...) nawet 70 substancji rakotwórczych,,,,,,
szeregowy,Zmieñ swoje nawyki na zdrowsze., Gdyby ludzie wczeœniej decydowali siê na zmianê swojego niezdrowego stylu ¿ycia,,,,,,,
szeregowy,Zaszczep siê przeciwko COVID-19.,Przeszliœmy ju¿ tak wiele [podczas pandemii],,,,,,,
równoleg³y,Regularnie badaj swoje piersi.,Czas gra tutaj ogromn¹ rolê.,Nowotwór wczeœnie rozpoznany daje szansê na ca³kowite wyleczenie.,,,,,,
równoleg³y,Myj i dezynfekuj rêce.,"Higiena r¹k jest jednym z najskuteczniejszych dzia³añ ograniczaj¹cych rozprzestrzenianie siê patogenów i zapobiegaj¹cych infekcjom, w tym zaka¿eniom wirusem COVID-19",Mycie i dezynfekcja r¹k przyczyniaj¹ siê do poprawy bezpieczeñstwa opieki nad pacjentami.,Mycie i dezynfekcja r¹k zapobiegaj¹ zaka¿eniom na ró¿ne groŸne choroby zakaŸne.,,,,,
równoleg³y,Spoæ siê,"pot to zdrowy objaw, towarzysz¹cy aktywnoœci","[pot] oznacza, ¿e zrobiliœmy coœ dobrego dla naszego organizmu",,,,,,
szeregowy,Utrzymuj wagê cia³a w normie,Nadwaga prowadzi miêdzy innymi do zaburzeñ gospodarki lipidowej - podwy¿szonego poziomu trójglicerydów i obni¿enia poziomu dobrego cholesterolu HDL,"[zaburzenia gospodarki lipidowej] zwiêkszaj¹ ryzyko chorób uk³adu kr¹¿enia, w tym udaru",,,,,,
równoleg³y,"Nigdy, przenigdy nie dajemy innym osobom leków przeznaczonych dla nas",On [lek] jest bezpieczny dla nas,ka¿dy pacjent ma inn¹ historiê,tylko medyk jest w stanie oceniæ co i w jakich dawkach nale¿y przyjmowaæ,,,,,
równoleg³y,Oddychaj przez nos,"Wdychane powietrze, zostaje w naturalny sposób nawil¿one i oczyszczone w nosie","W trakcie mówienia bardzo szybko pobieramy powietrze ustami, przez co pomijamy drogê naturalnej ochrony, wysuszaj¹c œluzówkê",Konsekwencj¹ [oddychania przez usta] jest wiêksza podatnoœæ na ró¿nego rodzaju infekcje górnych dróg oddechowych,,,,,
szeregowy,Nie pij s³odkich napojów po wieczornym myciu zêbów,"Soki owocowe zawieraj¹ cukry proste, które s¹ doskona³¹ po¿ywk¹ dla bakterii","Bakterie, które rozwijaj¹ siê na powierzchni zêbów i dzi¹se³, prowadz¹ do rozwoju próchnicy",,,,,,
równoleg³y,Wykonuj regularnie morfologiê krwi.,Morfologia jest tania i ³atwo dostêpna.,Badanie to dostarcza bardzo wielu cennych informacji o stanie organizmu.,Morfologia umo¿liwia naprowadzenie diagnostyki na w³aœciwe tory.,Dziêki badaniu lekarz jest w stanie oceniæ skutki zastosowanego leczenia.,,,,
równoleg³y,Zaszczep siê przeciwko COVID-19.,Szczepi¹c siê chronisz siebie i swoich bliskich.,Szczepionki s¹ najbardziej skuteczn¹ metod¹ chroni¹c¹ przed zaka¿eniem.,Ludzkoœæ z powodzeniem korzysta ze szczepionek od kilkuset lat.,,,,,
równoleg³y,Izolacja by³a trudnym emocjonalnie czasem dla uczniów.,"U 75% dzieci czêœciej ni¿ wczeœniej zdarza³y siê negatywne reakcje emocjonalne – przejawy z³oœci, obra¿anie siê, nie przestrzeganie poleceñ czy zamykanie siê w sobie._x005F_x000D_","Ponad po³owa respondentów uzna³a, ¿e w okresie pandemii samopoczucie ich dziecka pogorszy³o siê._x005F_x000D_","Co czwarte dziecko (28%) przyzna³o, ¿e stale lub czêsto jest rozz³oszczone, co pi¹te odczuwa sta³e/czêste przygnêbienie, osamotnienie czy smutek.",,,,,
równoleg³y,Na nasz¹ kondycjê psychiczn¹ oraz poziom stresu w czasie pandemii wp³ynê³y przede wszystkim narzucone nam obostrzenia i ograniczenia.,"Restrykcje oraz zwi¹zane z nimi ograniczenia mia³y równie¿ ogromny wp³yw na nasze plany zwi¹zane z przysz³oœci¹ – a¿ po³owa z nas przyznaje, ¿e w czasie pandemii musia³a zrezygnowaæ ze spe³niania swoich marzeñ, realizowania pasji oraz osi¹gania celów, równie¿ zawodowych.","Najwiêkszym wyzwaniem jest jednak poprawa zdrowia fizycznego – a¿ 60% respondentów czuje, ¿e musi popracowaæ nad swoj¹ kondycj¹ i zdrowiem, przede wszystkim, wracaj¹c do aktywnoœci fizycznej.",,,,,,
szeregowy,"Platforma Facebook zagra¿a zdrowiu i dobrobytowi naszych obywateli, podkopuje demokracjê.","Kierownictwo firmy nie ujawnia wa¿nych informacji opinii publicznej, rz¹dowi USA, akcjonariuszom i rz¹dom na ca³ym œwiecie._x005F_x000D_","Dokumenty, które ujawni³am, dowodz¹, ¿e Facebook regularnie zwodzi³ nas w kwestii tego, co jasno wynika³o z jego w³asnych badañ o bezpieczeñstwie dzieci i jego roli w rozprzestrzenianiu nienawistnych i polaryzuj¹cych informacji.","Zdaniem Heugen ""kierownictwo firmy wie, jak zabezpieczyæ Facebook i Instagram, ale nie wprowadzaj¹ koniecznych zmian, poniewa¿ stawiaj¹ swoje ogromne zyski przed dobrem ludzi"".",,,,,
szeregowy,"W tej sytuacji powinieneœ zg³osiæ siê do pedagoga, psychologa szkolnego, wychowawcy lub nauczyciela.","Skorzystanie przez osobê z pomocy specjalisty -psychologa, psychiatry – wymaga zgody opiekuna prawnego.","Uwa¿asz, ¿e stan Twojego zdrowia wymaga pomocy.",Rodzice nie zgadzaj¹ siê na uzyskanie pomocy psychologicznej lub nie mog¹ dojœæ do porozumienia w tej sprawie.,,,,,
równoleg³y,Zadbaj o zdrowie swoje i najbli¿szych i zaszczep siê.,IV fala koronawirusa przybiera na sile. ,Dane wskazuj¹ ponad 15 tys. zachorowañ dziennie.,W ostatnim czasie wzros³a tak¿e liczba zgonów spowodowanych zaka¿eniem COVID-19.,Rosn¹ca liczba zaka¿eñ to zagro¿enie dla Ciebie i Twoich bliskich.,Prawie wszyscy chorzy i osoby zmar³e nie zaszczepili siê. ,,,
równoleg³y,Osoby zaszczepione oraz niezaszczepione z powodu przeciwwskazañ medycznych powinny – w razie potrzeby – otrzymaæ lek za darmo.,,,,,,,,
szeregowy,Nie przepracowuj siê.," Dla ludzkiego cia³a stresem fizycznym zwi¹zanym z przepracowaniem jest ma³a iloœæ snu, sen s³abej jakoœci, nieregularna i niedoborowa dieta, brak czasu na odpoczynek.
","Stres psychiczny i fizyczny zwiêksza wydzielanie katecholamin (adrenaliny i noradrenaliny) oraz kortyzolu.
","Wydzielanie katecholamin oraz kortyzolu wi¹¿e siê z nadciœnieniem, mia¿d¿yc¹ i zwielokrotnionym ryzykiem chorób uk³adu kr¹¿enia.
","Choroby uk³adu kr¹¿enia: incydenty sercowo-naczyniowe, w tym udary, zawa³y i SAH (krwotok podpajêczynówkowy) mog¹ prowadziæ do kiroshi - œmierci z przepracowania.
",,,,
szeregowy,Zaszczep siê przeciwko grypie.,"Grypê sezonow¹ najczêœciej wywo³uj¹ wirusy z podtypów H1N1, H3N1 i czasami H2N2.
","[Zaka¿enie wirusem z podtypów H1N1/H3N1/H2N2 powoduje] objawy: gor¹czkê, dreszcze, ból miêœni, g³owy, os³abienie, z³e samopoczucie, ból gard³a, suchy i mêcz¹cy kaszel.
","Powik³ania po zaka¿eniu wirusem z podtypów H1N1/H3N1/H2N2 obejmuj¹: zapalenie p³uc, anginê, zaostrzenie chorób przewlek³ych, zapalenie opon mózgowo-rdzeniowych i mózgu, poprzeczne zapalenie rdzenia krêgowego, zapalenie miêœni, zapalenie miêœnia sercowego, sepsê, niewydolnoœæ wielonarz¹dow¹.",,,,,
szeregowy,Zaszczep siê przeciwko COVID-19.,"Co 3. uczeñ cierpi z powodu izolacji.
",Uczniów mo¿e czekaæ powrót na naukê zdaln¹ w niedalekim czasie.,Dzieci s¹ szczêœliwe w szkole.,,,,,
równoleg³y,Badaj siê i lecz!,"Choroby przewlek³e, takie jak cukrzyca, choroby sercowo-naczyniowe, nowotwory czy choroby p³uc nie bêd¹ czekaæ na ust¹pienie pandemii.","Wczesna diagnostyka i kontynuacja leczenia s¹ kluczowe, by poprawiæ stan zdrowia pacjentów.",,,,,,
równoleg³y,Jedz mniej cukru,"Zbyt du¿a iloœæ cukru w diecie mo¿e nie tylko prowadziæ do oty³oœci, cukrzycy czy chorób serca, ale równie¿ przyczyniaæ siê do obni¿ania poziomu energii w ci¹gu dnia.",S³odka przek¹ska to tylko chwilowy zastrzyk energii.,"Pokarmy bogate w cukier powoduj¹ szybki wzrost poziomu cukru we krwi, a nastêpnie równie¿ szybki jego spadek.",,,,,
szeregowy,Wysypiaj siê!,Sen jest jedn¹ z najwa¿niejszych funkcji warunkuj¹cych jakoœæ naszego ¿ycia i zdrowia. ,"Wykazano, ¿e zarówno zbyt krótki sen, jak i pogorszenie jego jakoœci zaburzaj¹ gospodarkê wêglowodanow¹.",Jakoœciowy sen chroni przed oty³oœci¹ i cukrzyc¹.,,,,,
szeregowy,Ogranicz cukier!,S³odycze i wszystkie inne Ÿród³a cukru to g³ówny wróg Twojego zdrowia i sylwetki. ,Produkty z cukrem s¹ najczêstsz¹ przyczyn¹ zaburzeñ metabolicznych i niektórych rodzajów chorób nowotworowych.,,,,,,
szeregowy,Nie bój siê szczepionki,"Naukowcy przekonuj¹, ¿e szczepionki s¹ du¿o korzystniejsze dla zdrowia, ni¿ dotychczas s¹dzono.  ","Dziêki nim uk³ad odpornoœciowy zwalcza infekcje o wiele sprawniej ni¿ u osób, które nie zosta³y zaszczepione.",,,,,,
równoleg³y,"Polaku, myj rêce!","Ka¿de dotkniêcie klamki, banknotu czy porêczy w autobusie sprawia, ¿e na nasze rêce dostaje siê od 100 do 10 tys. komórek drobnoustrojów. ","Badania naukowców z Uniwersytetu Michigan udowodni³y, ¿e mycie r¹k wod¹ z myd³em przez 15 sekund redukuje liczbê groŸnych bakterii o 90 proc.","Œwiatowa Organizacja Zdrowia szacuje, ¿e 69 proc. zaka¿eñ przewodu pokarmowego to efekt niemycia r¹k ",,,,,
równoleg³y,Dbaj o mózg!," W Polsce z chorobami mózgu zmaga siê 15 mln ludzi, a liczba zachorowañ stale roœnie.","Przyczyn¹ jest najczêœciej zaawansowany wiek pacjentów, tymczasem spo³eczeñstwo, nie tylko w naszym kraju, coraz szybciej siê starzeje.",do zwiêkszenia zachorowalnoœci na choroby mózgu przyczyniaj¹ siê tak¿e zmiany cywilizacyjne - zaburzenia psychiczne i neurologiczne.,,,,,
,,,,,,,,,
szeregowy,¯yj zdrowo i badaj siê regularnie,Nadwaga i oty³oœæ maj¹ wp³yw na Twoje zdrowie.,Zwiêkszaj¹ m.in. ryzyko zachorowania na ró¿nego rodzaju nowotwory.,,,,,,
równoleg³y,Zaszczepmy siê,"Jeœli chcemy iœæ do restauracji, do kina",Przede wszystkim jeœli chcemy ¿yæ,,,,,,
równoleg³y,Szczepmy siê i noœmy maski.,"Chorzy zaszczepieni, owszem, choruj¹, ale choruj¹ du¿o du¿o l¿ej, i nie maj¹ tych ciê¿kich powik³añ.","Na naszym oddziale respiratorowym chorzy zaszczepieni owszem s¹, ale z powodu dekompensacji innych chorób.","Na oddziale tlenowym najciê¿ej covid i covidowe zapalenie p³uc przechodz¹ chorzy niezaszczepieni: 9 na 10 umiera, to s¹ ci, którzy s¹ niezaszczepieni w³aœnie.","W ten sposób [szczepi¹c siê i nosz¹c maski] chronimy i siebie, i innych, poniewa¿ nawet jeœli my przechodzimy w sposób w miarê bezobjawowy, to inna osoba starsza mo¿e przejœæ to ju¿ w sposób du¿o bardziej objawowy.",,,,
szeregowy,Skorzystaj z 3 dawki szczepionki,Nie wszystkie szczepionki zapewniaj¹ odpornoœæ na ca³e ¿ycie,W przypadku niektórych szczepieñ nabyta odpornoœæ z czasem maleje,,,,,,
równoleg³y,Zaszczep siê ,"Tylko szczepienia gwarantuj¹, ¿e nie zachorujemy na dan¹ chorobê lub przejdziemy j¹ ³agodniej",Tylko szczepienia gwarantuj¹ zniwelowanie ryzyka niebezpiecznych powik³añ.,Dziêki szczepieniom uda³o siê skutecznie wyeliminowaæ lub zmniejszyæ iloœæ zachorowañ na terenie Europy na wiele œmiertelnych chorób,,,,,
równoleg³y,Nie pal papierosów,Palenie papierosów odpowiada za niemal jedn¹ czwart¹ przedwczesnych zgonów z powodu nowotworów oraz chorób uk³adu sercowo-naczyniowego,Papierosy powoduj¹ oko³o 40% nowotworów u mê¿czyzn i 10% u kobiet,"Papierosy powoduj¹ przewlek³¹ obturacyjn¹ chorobê p³uc i mia¿d¿ycê zarostow¹ têtnic obwodowych, bêd¹c¹ g³ówn¹ przyczyn¹ amputacji nóg",Przez bierne palenie dochodzi w Polsce do 4-7 tysiêcy zgonów rocznie,,,,
równoleg³y,Nie bierz narkotyków,"Narkotyki wstrzymuj¹ dop³yw tlenu do mózgu, przez co obumieraj¹ szare komórki.","Przyjmowanie narkotyków mo¿e spowodowaæ zapalenie ¿y³ oraz zapalenie miêœnia sercowego, co mo¿e doprowadziæ do œmierci",Z powodu brania narkotyków w¹troba obumiera i przestaje funkcjonowaæ,"Narkotyki uszkadzaj¹ komórki rozrodcze, powoduj¹c trwa³e zmiany w chromosomach",,,,
szeregowy,Warto siê szczepiæ ,"Szczepienie uczy organizm cz³owieka, jak zareagowaæ na dany patogen.",Uk³ad odpornoœciowy zostaje pobudzony do produkcji przeciwcia³ oraz innych czynników odpornoœciowych,Dziêki szczepieniom po zetkniêciu siê z patogenem uk³ad immunologiczny jest w stanie silniej zareagowaæ i szybciej zneutralizowaæ zagro¿enie dla organizmu,,,,,
równoleg³y,Rzuæ palenie!,U¿ywanie tytoniu jest g³ówn¹ przyczyn¹ zachorowañ i zgonów z powodu chorób nowotworowych,"Wœród palaczy z nowotworem w obrêbie g³owy i szyi korygowane ogólne ryzyko œmierci jest o 2,5 razy wy¿sze ni¿ u niepal¹cych pacjentów.",W przypadku pacjentów onkologicznych palenie tytoniu zwiêksza ryzyko kolejnego nowotworu pierwotnego.,Uzale¿nienie od tytoniu u pacjentów onkologicznych utrudnia przygotowanie do operacji i komplikuje zabiegi chirurgiczne.,"20-letnie badania wykaza³y, ¿e na³óg tytoniowy obni¿a skutecznoœæ i tolerancjê radio- i chemioterapii.",,,
równoleg³y,Zbadaj piersi,"Rak piersi jest najczêœciej wystêpuj¹cym nowotworem u kobiet na œwiecie (25%) i najczêstsz¹ przyczyn¹ zgonu (14%), a chore na raka piersi stanowi¹ 36% kobiet ¿yj¹cych z nowotworami.",Decyduj¹ce znaczenie w kontekœcie profilaktyki i zapobiegania rozwojowi zaawansowanego nowotworu piersi ma jego diagnostyka i wczesne wykrycie (wtórna profilaktyka) oparta na regularnie przeprowadzanych badaniach mammograficznych (skrining).,,,,,,
szeregowy,Monitoruj cholesterol,"Jednym z modyfikowalnych czynników ryzyka choroby wieñcowej jest nadwaga i oty³oœæ, zw³aszcza typu brzusznego.",Pacjenci po zawale powinni utrzymywaæ prawid³ow¹ masê cia³a. ,,,,,,
równoleg³y,Zaszczep siê ,Nieszczepienie mo¿e skazaæ dzieci na naukê zdaln¹,Nieszczepienie mo¿e skazaæ dzieci na problemy spowodowane izolacj¹,,,,,,
szeregowy,Warto uprawiaæ sport,W czasie uprawiania sportu nasze cia³o produkuje endorfiny,"Endorfiny dzia³aj¹ podobnie do morfiny - wywo³uj¹ dobre samopoczucie, zadowolenie z siebie i inne stany euforyczne.",,,,,,
równoleg³y,Nie spo¿ywaj s³odkich napojów oraz s³odyczy,Cukier oraz napoje s³odkie nie dostarczaj¹ niezbêdnych sk³adników od¿ywczych,ich spo¿ywanie sprzyja powstawaniu nadmiernej masy cia³a,ponadto przyczyniaj¹ siê do rozwoju próchnicy,,,,,
szeregowy,Nie jedz kogla-mogla i jajka na miêkko w ci¹¿y,Kogel-mogel lub jajko na miêkko mo¿e byæ zaka¿one salmonell¹,Salmonella w ci¹¿y mo¿e byæ groŸna.,,,,,,
równoleg³y,"Nale¿y ograniczyæ sól w diecie, a nawet ca³kowicie j¹ wyeliminowaæ","Nadmierne spo¿ycie soli mo¿e prowadziæ do wielu powa¿nych chorób, takich jak: oty³oœæ, nadciœnienie têtnicze, udar mózgu, zawa³ serca czy rak ¿o³¹dka","Do tego powoduje wiêksze wydalanie wapnia z moczem, a w konsekwencji powstawanie kamieni nerkowych.","
",,,,,
szeregowy,nie pij wody alkalicznej w trakcie posi³ku,"W ¿o³¹dku, do którego trafia pokarm znajduje siê kwaœne œrodowisko, w którym woda zasadowa nie bêdzie czu³a siê najlepiej",Mo¿e to zaowocowaæ problemami i bólami ¿o³¹dka,,,,,,
równoleg³y,Zaszczepmy siê dawk¹ przypominaj¹c¹ szczepionki.,Przyjêcie dawki przypominaj¹cej wzmocni zdolnoœæ organizmu do walki z wirusem.,Pe³ne zaszczepienie siê znacz¹co zmniejsza ryzyko ciê¿kiej choroby.,,,,,,
równoleg³y,"Wykonaj ostatni krok, by pokonaæ pandemiê. Zaszczep siê!","Po szczepieniu Twój uk³ad immunologiczny odpowiada na szczepionkê, tworz¹c przeciwcia³a, które zwalczaj¹ dany wirus lub bakterie.","Dziêki szczepieniom zyskujemy ochronê przed ciê¿kim przebiegiem choroby i powik³aniami, które trudno przewidzieæ.",Dziêki szczepieniom ochronnym uda³o siê powstrzymaæ epidemie wielu groŸnych chorób.,,,,,
równoleg³y,Szczepmy siê przeciw Covid19.,"By z³agodziæ przebieg choroby, a mo¿e nawet uodporniæ organizm przed t¹ groŸn¹ chorob¹, mo¿na siê zaszczepiæ.","Im wiêcej osób bêdzie zaszczepionych, tym prawdopodobieñstwo przeniesienia wirusa bêdzie mniejsze.",,,,,,
szeregowy,Nie pij w ci¹¿y.,Rocznie w Polsce oko³o 9 tys. dzieci rodzi siê ze Spektrum P³odowych Zaburzeñ Alkoholowych.,[Spektrum P³odowych Zaburzeñ Alkoholowych jest] skutkiem dzia³ania alkoholu na p³ód w okresie prenatalnym.,,,,,,
szeregowy,Samobadanie [j¹der] wykonuj raz w miesi¹cu.,Regularne samobadanie j¹der pozwala na zauwa¿enie pierwszych objawów.,Regularne samobadanie j¹der pozwala na zauwa¿enie pierwszych objawów.,,,,,,
szeregowy,Zadbajmy o nasze zdrowie i skorzystajmy z zaproponowanej profilaktyki.,"Wiele chorób, zw³aszcza w swoim pocz¹tkowym stadium rozwoju, nie daje niepokoj¹cych objawów.",Dziêki badaniom diagnostycznym mo¿na je wykryæ na wczesnym etapie i unikn¹æ d³ugotrwa³ego leczenia.,,,,,,
szeregowy,Nie podawaj miodu dziecku poni¿ej roku.,Miód nie jest produktem wolnym od zanieczyszczeñ mikrobiologicznych - istnieje ryzyko ska¿enia laseczk¹ jadu kie³basianego.,"Organizm ma³ego dziecka nie jest w stanie poradziæ sobie z chorob¹ wywo³ywan¹ przez laseczkê jadu kie³basianego, zwan¹ botulizmem. ",Botulizm jest chorob¹ mog¹c¹ prowadziæ do œmierci i wymaga natychmiastowej pomocy lekarskiej.,,,,,
szeregowy,Poddaj siê profilaktycznym badaniom dermatoskopowym.,Nowotwory z³oœliwe skóry nale¿¹ do najliczniejszej grupy z³oœliwych chorób onkologicznych.,"Na ich rozwój silnie wp³ywaj¹ czynniki œrodowiskowe, przede wszystkim wystawienie skóry na promieniowanie s³oneczne.","Osoby, które maj¹ du¿o piegów i znamion, jasn¹ karnacjê, rude lub blond w³osy, s¹ nara¿one na wiêksze ryzyko zachorowania na czerniaka.",Wszelkie zmiany w istniej¹cych znamionach oraz pojawienie siê nowych znamion nale¿y zg³osiæ lekarzowi. ,,,,
szeregowy,Nale¿y szczepiæ dzieci,"Szczepienia dzieci pozwalaj¹ eliminowaæ zagro¿enie wielu, wczeœniej niebezpiecznych chorób","Dziœ mo¿emy ju¿ chroniæ przed osp¹ wietrzn¹, odr¹, œwink¹, ró¿yczk¹, krztuœcem, b³onic¹ czy tê¿cem",,,,,,
szeregowy,"Powinniœmy zatem zadbaæ nie tylko o profilaktykê higien¹, ale przede wszystkim przyj¹æ szczepionki zarówno przeciw COVID-19, jak i innym chorobom uk³adu oddechowego.","Tegoroczny okres jesienno-zimowy to moment, w którym zmierzamy siê z czwart¹ fal¹ pandemii COVID-19. ","Jest to tak¿e czas znacznego zagêszczenia ognisk infekcji uk³adu oddechowego, co niesie ze sob¹ mo¿liwoœæ koinfekcji. ",Jednoczesne zaka¿enie wiêcej ni¿ jednym patogenem znacznie zwiêksza ryzyko powik³añ oraz zgonu. ,Najskuteczniejsz¹ profilaktykê stanowi¹ szczepionki. ,"Jak dowodz¹ najnowsze badania – wykonanie kilku szczepieñ w trakcie jednej wizyty jest bezpieczne, a wrêcz rekomendowane. ",,,
szeregowy,Pamiêtajmy o terminowym szczepieniu dzieci.,"W trakcie epidemii zachorowalnoœæ jest mniejsza ze wzglêdu na m.in. utrzymywanie dystansu, czêstsz¹ dezynfekcjê r¹k oraz zakrywanie ust i nosa. ",Po zakoñczeniu pandemii iloœæ zaka¿eñ tymi chorobami prawdopodobnie wzroœnie. ,,,,,,
szeregowy,Szczepmy siê,"Mamy teraz do czynienia z koronawirusem typu delta, którego nie znaliœmy na pocz¹tku pandemii","[koronawirus typu delta] to wyj¹tkowo zakaŸna odmiana i osoby, które nie s¹ zaszczepione nara¿aj¹ siê na wyj¹tkowo ciê¿ki przebieg choroby",Teraz mamy w Polsce ju¿ szeœæ tysiêcy zaka¿eñ dziennie,W województwie lubelskim szpitale s¹ ju¿ na granicach wydolnoœci, ,,,
szeregowy,Zaszczep siê przeciwko COVID-19.,Przeszliœmy ju¿ tak wiele [podczas pandemii], ,,,,,,
równoleg³y,Zadbaj o zdrowie swoje i najbli¿szych i zaszczep siê.,IV fala koronawirusa przybiera na sile. ,Dane wskazuj¹ ponad 15 tys. zachorowañ dziennie.,W ostatnim czasie wzros³a tak¿e liczba zgonów spowodowanych zaka¿eniem COVID-19.,Rosn¹ca liczba zaka¿eñ to zagro¿enie dla Ciebie i Twoich bliskich.,Prawie wszyscy chorzy i osoby zmar³e nie zaszczepili siê. , ,,
równoleg³y,Warto zaszczepiæ siê przeciwko COVID-19,Z bardzo du¿ym prawdopodobieñstwem szczepienie uchroni Ciê przed zaka¿eniem COVID-19.,"Im wiêcej bêdzie zaszczepionych osób, tym szybciej osi¹gniemy odpornoœæ populacyjn¹.","Szczepi¹c siê, zyskasz wewnêtrzny spokój, wynikaj¹cy z bezpieczeñstwa w³asnego i najbli¿szych.","Szczepi¹c siê, przyczyniasz siê do szybszego znoszenia ograniczeñ i powrotu nas wszystkich do normalnego ¿ycia.", ,,,
równoleg³y,Szczepionka zmniejsza ryzyko zachorowania na COVID-19,"Przyjêcie szczepionki przeciw COVID-19 w polskich warunkach zmniejsza 82-krotnie ryzyko hospitalizacji z powodu tej choroby, a 94-krotnie – ryzyko œmierci – wynika z danych gromadzonych w polskiej bazie SARSTer.","na ponad 7 tys. chorych, którzy z powodu COVID-19 trafili do szpitala, by³o jedynie 15 chorych zaszczepionych dwiema dawkami, a zmar³o 5 osób spoœród nich na ogóln¹ liczbê 1700 zgonów w badanej grupie.", , , ,,,
szeregowy,Szczepienia ratuj¹ zdrowie i ¿ycie,"Dziennikarze przeœledzili kolejne etapy procesu szczepieñ w Wielkiej Brytanii, gdzie œciœle przestrzegano podzia³u na grupy wiekowe kolejno dopuszczane do szczepieñ. ","Okazuje siê, ¿e w ka¿dej kolejnej grupie widaæ ten sam trend - kiedy przychodzi jej kolej szczepienia, liczba zaka¿eñ, hospitalizacji i zgonów zaczyna spadaæ.",Najbardziej widaæ to w grupach najstarszych - nowych zaka¿eñ wœród Brytyjczyków po osiemdziesi¹tce jest mniej o ponad 80 proc., ,,,,
szeregowy,Szczepienia s¹ bezpieczne,Wœród Polaków szczepienie przeciwko koronawirusowi wci¹¿ budzi spore emocje.,"W¹tpliwoœci budzi przede wszystkim bezpieczeñstwo szczepionki – zarówno tej, jak i innych znajduj¹cych siê w kalendarzu szczepieñ dziecka – które niestety przez wiele osób jest regularnie podwa¿ane","Przedstawiciele rz¹du przypominaj¹ jednak, ¿e ka¿da szczepionka dopuszczona do obrotu w Polsce przechodzi staranne badania.", ,,,,
równoleg³y,Dlatego szczepmy siê.,"Eksperci niejednokrotnie przekonywali, ¿e szczepi¹c siê zapewniamy bezpieczeñstwo nie tylko sobie.","Wirus nie patrzy na wiek, ka¿dy mo¿e siê zaraziæ. A osoby zaszczepione wed³ug danych ³agodniej przechodz¹ ewentualne zaka¿enie wirusem SARS-CoV-2. [komentarz: ten fragment mo¿na uznaæ za dwie przes³anki szeregowe; wtedy, ¿eby argumentacja nie by³a mieszana mo¿na z nich zrezygnowaæ]","To takie proste. Przychodzisz, szczepisz siê i wracasz do domu.", ,,,,
szeregowy,"b¹dŸcie odpowiedzialni i zaszczepcie siê dla dobra swojego i swoich najbli¿szych, szczególnie tych najstarszych. Uczyñcie to równie¿ w trosce o tych wszystkich, którzy z ró¿nych przyczyn maj¹ os³abion¹ odpornoœæ, s¹ przewlekle chorzy, i wszystkich innych, dla których za chwilê w szpitalach i na oddzia³ach anestezjologii i intensywnej terapii mo¿e zabrakn¹æ miejsca.","W Polsce na COVID-19 zachorowa³o ju¿ ponad 3 miliony osób, setki tysiêcy z nich wymaga³y hospitalizacji, a ponad 76 tysiêcy zmar³o.","Olbrzymie przeci¹¿enie ca³ego systemu ochrony zdrowia wywo³ane pandemi¹ spowodowa³o dramatyczne ograniczenie dostêpu do pomocy medycznej dla wielu pacjentów i z pewnoœci¹ przyczyni³o siê do pogorszenia ich stanu, a w wielu przypadkach tak¿e do œmierci.","Obserwowana w ostatnich dniach zwiêkszaj¹ca siê liczba zachorowañ, hospitalizacji i zgonów budzi w nas ogromne obawy dotycz¹ce realnych mo¿liwoœci udzielania pomocy wszystkim potrzebuj¹cym, a w szczególnoœci leczonym na oddzia³ach anestezjologii i intensywnej terapii, zarówno choruj¹cym na COVID-19, jak i innym krytycznie chorym.",Najskuteczniejsz¹ ochron¹ przed zachorowaniem i wyst¹pieniem ciê¿kiego przebiegu COVID-19 jest szczepienie., ,,,
szeregowy,"Dlatego, w trosce o w³asne dzieci i o w³asne zdrowie, trzeba siebie oraz dzieci zaszczepiæ","Poprzez szczepienia ochronne nabywamy odpornoœæ, tego nie zapewni nam nauczanie zdalne.","Kiedy dzieci pójd¹ w œrodowisko dzieciêce, a przecie¿ w przedszkolu czy w szkole s¹ te¿ doroœli, to mog¹ ulec zaka¿eniu","Od dawna wiadomo, ¿e szczepionki chroni¹ przed ciê¿kim przebiegiem, przed rozwojem ciê¿kiej postaci klinicznej choroby, z dalszymi tego konsekwencjami.","A konsekwencje [zaka¿enia COVID-19], bez wzglêdu na wiek, s¹ nieraz bardzo ciê¿kie i nieraz koñcz¹ siê tragicznie. Ma³e dzieci, m³odzie¿ te¿ niestety umieraj¹.", ,,,
równoleg³y,"Zaszczepmy siê, pomó¿my wróciæ do normalnoœci.","Jedynie zaszczepienie mo¿e przyczyniæ siê zminimalizowania, a docelowo wygaszenia epidemii wirusa.","Szczepi¹c siê, sami mo¿emy zdecydowaæ czy na jesieñ bêdziemy mieli kolejne ograniczenia np. zamkniête sklepy, us³ugi, noszenie maseczek, nauczanie online, zamkniête przychodnie zdrowia i szpitale.","Jak pokazuj¹ badania, w tej chwili umiera na COVID-19 98,9 %  osób niezaszczepionych, a tylko 1,1 %. tych, które siê zaszczepi³y. ","Eksperci przewiduj¹, ¿e je¿eli poziom zaszczepieñ nie bêdzie wystarczaj¹cy to liczba zaka¿eñ w czwartej fali osi¹gnie poziom do oko³o 15 tys. dziennie.", ,,,
szeregowy,U osób zaszczepionych bardzo rzadko mog¹ wystêpowaæ zachorowania na COVID-19.,Zachorowania na COVID-19 po szczepieniu s¹ mo¿liwe,[zachorowania] zdarzaj¹ siê bardzo rzadko.,Objawy s¹ najczêœciej ³agodne., ,,,,
równoleg³y,Szczepionki przeciw COVID-19 nie s¹ eksperymentem medycznym. ,Przesz³y wszystkie wymagane etapy badañ podobnie jak pozosta³e szczepionki dostêpne na rynku. ,"Kryteria oceny s¹ bardziej szczegó³owe ni¿ te, którym podlegaj¹ leki.",Szczepionki bez ¿adnych wyj¹tków podlegaj¹ restrykcyjnym procesom oceny wyników badañ nieklinicznych (na zwierzêtach) i wymaganym 3 etapom badañ klinicznych (na ludziach).,"Je¿eli szczepionka zosta³a dopuszczona do obrotu tzn. ¿e spe³ni³a wszystkie wymagania oceny jej jakoœci, bezpieczeñstwa i skutecznoœci.", ,,,
równoleg³y,"Mamy ogromn¹ wiedzê, która potwierdza bezpieczeñstwo szczepionek przeciw COVID-19, równie¿ u nastolatków.","Po pierwsze wyniki badañ klinicznych,  potwierdzaj¹ profil bezpieczeñstwa szczepionki podawanej nastolatkom w wieku 12 lat i starszym. ","Ca³y czas monitorujemy rodzaje i czêstoœæ wystêpowania niepo¿¹danych odczynów poszczepiennych, które wystêpuj¹ po podaniu szczepionek przeciw COVID-19, w poszczególnych krajach i na œwiecie. ","Dotychczas podano ponad 4 miliardy dawek ró¿nych szczepionek przeciw COVID-19 dla doros³ych, co daje nam ogromna wiedzê o bezpieczeñstwie szczepionek.","Wiemy, jakie rodzaje NOPi jak czêsto wystêpuj¹ u doros³ych oraz nastolatków.", ,,,
szeregowy,Szczepionki przeciw COVID-19 nie powoduj¹ niep³odnoœci. ,"Szczepionki nie zawieraj¹ wirusa zdolnego do podzia³u,",a wiêc nie ma ryzyka wyst¹pienia niepo¿¹danych zdarzeñ u p³odu lub zaszczepionej przysz³ej matki. ,Równie¿ wyniki badañ na zwierzêtach nie wykaza³y zagro¿enia dla p³odu., ,,,,
równoleg³y,Zaszczep siê tak szybko jak to mo¿liwe.,"Lekarze podkreœlaj¹, ¿e widoczna jest bardzo wyraŸna tendencja do ciê¿kiego przebiegu COVID-19 (w tym koniecznoœci leczenia z u¿yciem ró¿nych metod wspomagania oddychania) u osób niezaszczepionych.","Aby chroniæ siebie i wszystkich, których kochasz, wa¿ne jest, aby jak najszybciej otrzymaæ szczepionki i dawkê przypominaj¹c¹.", ,,,,,
równoleg³y,Nie bój siê i zaszczep siê.,Zrób to dla dobra swojego i bliskich.,,Osoby zaszczepione przeciwko COVID-19 bardzo rzadko wymagaj¹ hospitalizacji z powodu ciê¿kiego przebiegu tej choroby, ,,,,
szeregowy,Szczepi¹c siê na COVID-19 unikamy d³ugotrwa³ych powik³añ.,"Naukowcy zgadzaj¹ siê, ¿e znacznie bezpieczniej jest siê zaszczepiæ, ni¿ ryzykowaæ zaka¿enie koronawirusem, które mo¿e mieæ bardzo nieprzyjemne skutki d³ugoterminowe. ","Lipcowy raport CDC stwierdza, ¿e oko³o jedna trzecia ankietowanych chorych nie wyzdrowia³a w ci¹gu dwóch lub trzech tygodni. ","Wiele osób toczy wielomiesiêczn¹ walkê ze zmêczeniem, bólami miêœni, trudnoœciami w oddychaniu, ko³ataniem serca lub zaburzeniami snu. ", ,,,,
szeregowy,Zaszczep siê!,"Lekarze podkreœlaj¹, ¿e widoczna jest bardzo wyraŸna tendencja do ciê¿kiego przebiegu COVID-19 (w tym koniecznoœci leczenia z u¿yciem ró¿nych metod wspomagania oddychania) u osób niezaszczepionych.","Niestety bardzo wiele osób niezaszczepionych przegrywa walkê z COVID-19, a przecie¿ nie musi tak byæ.",Nie ryzykuj  , ,,,,
równoleg³y,Warto zaszczepiæ siê przeciwko COVID-19,Szczepionki s¹ najbardziej skuteczn¹ metod¹ chroni¹c¹ przed zara¿eniem ró¿nymi chorobami., Ludzkoœæ z powodzeniem korzysta z tej zdobyczy cywilizacji od kilkuset lat., ,,,,,
szeregowy,Trzeba i warto siê zaszczepiæ przeciwko COVID-19,W ten sposób uratujesz swoje ¿ycie i zdrowie, ,,,,,,
szeregowy,"Zachowaj dystans, noœ maseczkê i zaszczep siê",Osoby z nisk¹ odpornoœci¹ s¹ nara¿one na wiêksze ryzyko ciê¿kiego przebiegu choroby COVID-19.,Osoby z obni¿on¹ odpornoœci¹ potrzebuj¹ ochrony, ,,,,,
szeregowy,Warto zaszczepiæ siê przeciwko COVID-19,Ka¿dy z nas mo¿e powstrzymaæ pandemiê.,"Przyjêcie szczepionki to nie tylko ochrona nas samych. To tak¿e ochrona naszych rodziców, dziadków, dzieci i przyjació³.", ,,,,,
szeregowy,Zaszczep siê,Zaka¿enie koronawirusem wywo³uje wiele powik³añ natury neurologicznej,Najlepsz¹ ochron¹ przed zachorowaniem s¹ szczepienia, ,,,,,
szeregowy,Zaszczep siê,"9 na 10 osób, które trafiaj¹ do szpitala, to osoby niezaszczepione.",Wci¹¿ za ma³o z nas siê zaszczepi³o.,Konieczny mo¿e byæ kolejny lockdown.,Nasze dzieci chc¹ byæ szczêœliwe.,Nie szczepi¹c siê mo¿emy ponownie skazaæ [dzieci] na naukê zdaln¹ i problemy wywo³ane izolacj¹., ,,
szeregowy,"Wybierz m¹drze, zaszczep siê","Ponad 95% osób poni¿ej 45. roku ¿ycia, które zmar³y na COVID-19, to osoby niezaszczepione.", ,,,,,,
równoleg³y,Zaszczep siê ju¿ dziœ,9/10 pacjentów chorych na COVID-19 w szpitalach to osoby niezaszczepione,Dziêki szczepieniom mo¿emy wspólnie pokonaæ kolejn¹ falê epidemii, ,,,,,
równoleg³y,Szczepmy siê,[Szczepi¹c siê] uchronisz siê przed niebezpieczeñstwem,[Szczepi¹c siê] uratujesz komuœ ¿ycie,Mo¿esz [siê zaszczepiæ],[Szczepi¹c siê] pomo¿esz zwalczyæ pandemiê na ca³ym œwiecie,[Szczepi¹c siê] zyskasz spokój,Szczepionki s¹ bezpieczne,[Szczepi¹c siê] zostaniesz zbadany,[Gdy siê zaszczepisz] to dziêki tobie wszyscy szybciej wrócimy do normalnoœci
równoleg³y,Szczepcie siê,Chcecie dalej pracowaæ,Chcecie ¿yæ,,,,,,
równoleg³y,Zaszczep siê przeciw COVID-19,[Szczepi¹c siê] chronisz zdrowie swoje i innych,[Szczepi¹c siê] unikasz ciê¿kich powik³añ po zaka¿eniu,[Szczepi¹c siê] przyczyniasz siê do powrotu do normalnego ¿ycia,[Szczepi¹c siê] przyczyniasz siê do zatrzymania czwartej fali epidemii,[Szczepi¹c siê] masz szansê wygrania nawet miliona z³otych, ,,
równoleg³y,Zaszczep siê,Jesteœ wa¿ny,Jesteœ potrzebny,,,,,,
szeregowy,Wybierz m¹drze - zaszczep siê,Historia pokaza³a jak istotne s¹ szczepienia,"Po II wojnie œwiatowej dziêki szczepionkom uda³o siê opanowaæ kolejne choroby: odrê, œwinkê, ró¿yczkê, ospê wietrzn¹, wirusowe zapalenie w¹troby typu B i wirusowe zapalenie w¹troby typu A","Szczepionka przeciw ospie prawdziwej wyeliminowa³a œmiertelnego wirusa, który poch³ania³ rocznie 5 mln ofiar œmiertelnych.", Szczepionka przeciw odrze uratowa³a ok. 37 milionów ludzi,Dziêki powszechnym szczepieniom tê¿ec zosta³ w Polsce wyeliminowany u dzieci [...],[dziêki szczepionce] Polio w Polsce nie wystêpuje od blisko 40 lat.,"Historia pokazuje, ¿e szczepionki przeciw COVID-19 mog¹ wywrzeæ podobny wp³yw na nasze ¿ycie.", 
szeregowy,Szczepmy siê,"Od nas zale¿y, czy Nowy Rok bêdzie szczêœliwy",Dajmy mu [nowemu rokowi] szansê [poprzez zaszczepienie siê], ,,,,,
równoleg³y,Zaszczep siê,Wspólnie zatrzymajmy kolejn¹ falê,¯yj normalnie,,,,,,
równoleg³y,Zaszczep siê,Wariant Omikron staje siê coraz powa¿niejszym problemem,Wzmocnij swoj¹ ochronê,Wybierz m¹drze,"Odpornoœæ zbiorowiskowa [osi¹gniêta m.in. szczepieniami] chroni tych, którzy nie mog¹ byæ zaszczepieni", ,,,
równoleg³y,Szczepmy siê. Noœmy maseczki. Przestrzegajmy kwarantanny.,te wszystkie dzia³ania nie s¹ drogie,"osoby zaszczepione choruj¹, ale rzadziej",[osoby zaszczepione] choruj¹ ³agodniej,[osoby zaszczepione] maj¹ mniejsze ryzyko zgonu [z powodu covid-19], ,,,
równoleg³y,Szczepmy siê,dla bezpieczeñstwa swojego,dla bezpieczeñstwa bliskich,aby byæ krok bli¿ej do powrotu do normalnoœci, ,,,,
równoleg³y,Szczepmy siê,"szybciej wróæimy do normalnoœci: podró¿owania, ¿arcia na mieœcie, ocierania siê o spocon¹ pachê w klubie festiwalowego gwaru, spacerów bez maseczek, treningów na si³owni, braku ograniczeñ w sklepach",terminy s¹ nawet na jutro,szczepienie nie boli,a sama procedura [szczepienia] jest szybka i sprawna, ,,,
równoleg³y,Zaszczep siê przeciwko COVID-19,"szczepi¹c siê, robimy to przede wszystkim dla siebie. nie chcemy ciê¿ko zachorowaæ, trafiæ do szpitala","[szczepi¹c siê] mo¿emy pomóc te¿ innym, poprzez coœ co nazywamy odpornoœci¹ populacyjn¹ lub stadn¹","im wiêcej nas zaszczepionych, tym szanse na zaka¿enie s³abszych i bezbronnych wobec wirusa, mniejsze",jesteœmy odpowiedzialni za innych, ,,,
równoleg³y,nie czekaj – zaszczep siê ju¿ dziœ,9/10 pacjentów chorych na COVID-19 w szpitalach to osoby niezaszczepione,dziêki szczepieniom mo¿emy wspólnie pokonaæ kolejn¹ falê epidemii, ,,,,,
szeregowy,zaszczep siê,zaka¿enie koronawirusem wywo³uje wiele powik³añ natury neurologicznej,"[powik³ania natury neurologicznej] to nie tylko utrata smaku i wêchu, ale tak¿e udary, krwotoki podpajêczynówkowe, a nawet mg³y mózgowe",,najlepsz¹ ochron¹ przed zachorowaniem s¹ szczepienia,,,,
szeregowy,szczepmy siê,"[szczepienie] to nie tylko kwestia naszego bezpieczeñstwa, ale równie¿ naszych rodzin, bliskich i wspó³pracowników","b¹dŸmy odpowiedzialni za swoje rodziny, a tak¿e za kole¿anki i kolegów z pracy", ,,,,,
szeregowy,szczepmy siê,"chcia³bym, abyœmy wszyscy spotkali siê zdrowi, spokojni i bezpieczni w 2022 roku","gwarancj¹ tego [spotkania siê zdrowymi, spokojnymii bezpiecznymi w 2022 roku]  jest szczepienie", ,,,,,
równoleg³y,Szczepmy siê!,Szczepienia s¹ bezpieczne,szczepionki nie zawieraj¹ czipów,[szczepionki]nie modyfikuj¹ naszego DNA,odczyn zapalny i reakcje niepo¿¹dane po podaniu szczepionki mRNA s¹ dodatkowo mniej prawdopodobne i s³absze w porównaniu z tradycyjnymi szczepionkami, ,,,
równoleg³y,Ja ju¿ zapisa³am siê na szczepienie i was równie¿ do tego serdecznie zachêcam,"Szczepi¹c siê, mo¿emy uchroniæ przed niebiezpieczeñstwem siebie i naszych bliskich z bardzo du¿ym prawdopodobieñstwiem siêgaj¹cym 95%",Szczepionki s¹ najbardziej skuteczn¹ metod¹ chroni¹c¹ przed zara¿eniem ró¿nymi chorobami,Ludzkoœæ korzysta z tej zdobyczy cywilizacji ju¿ od kilkuset lat, ,,,,
równoleg³y,Zachêcam Was wszystkich do korzystania z programu szczepieñ,"[Jest to oczywiœcie kwestia Waszych indywidualnych decyzji, ale] bezpieczeñstwo nas wszystkich jest sum¹ Waszych indywidualnych wyborów","Korzystajmy z osi¹gniêæ wspó³czesnej medycyny, nie ulegajmy fake'om [szczepmy siê]","tylko wtedy nasze kszta³cenie, Wasz i nasz pobyt w murach uniwersytetu bêdzie mia³ akademicki charakter", ,,,,
szeregowy,"B¹dŸ bohaterem, zaszczep siê",Mam 98 lat,mam dla kogo ¿yæ,Ty równie¿,,,,,
równoleg³y,Zaszczep siê,Bo w ten sposób mo¿emy odci¹¿yæ nasz¹ s³u¿bê zdrowia  ,Poniewa¿ pozbêdziemy siê ryzyka zara¿enia naszych bliskich ,"Przyczynimy siê do zakoñczenia pandemii, która ju¿ od prawie roku zbiera krwawe ¿niwo Polsce i na œwiecie", ,,,,
równoleg³y,Szczepcie siê,Poniewa¿ macie normalnoœæ na wyci¹gniêcie rêki ,Abyœmy osi¹gneli odpornoœæ populacyjna ,Abym mog³a was odwiedziæ ,,,,,
równoleg³y,Szczepimy siê,Dziêki szczepionkom uzyskujemy ochronê przed ewentualna chorob¹,Zapobiegamy hospitalizacji,[szczepienie] to trening dla naszego uk³adu odpornoœciowego,"Niwelujemy ryzyko powa¿nych powik³añ, mog¹cych wyst¹piæ w przypadku przebycia choroby",,,,
równoleg³y,Zaszczep siê,Dla dobra swojego i swoich bliskich ,"Osoby zaszczepione przeciwko COVID-19 bardzo rzadko wymagaj¹ hospitalizacji, z powodu ciê¿kiego przebiegu tej choroby. ",,,,,,
równoleg³y,Szczepmy siê przeciw Covid19.,Roœnie liczba zachorowañ na Covid19.,"By z³agodziæ przebieg choroby, a mo¿e nawet uodporniæ organizm przed t¹ groŸn¹ chorob¹, mo¿na siê zaszczepiæ.", ,,,,,
równoleg³y,SzczepMY siê!,Szczepienia s¹ kluczowym elementem walki z COVID-19.,"Szczepi¹c siê chronimy nie tylko siebie, ale tak¿e swoich najbli¿szych, osoby starsze. ", ,,,,,
szeregowy,Zaszczep siê przeciwko COVID-19,Szczepienie jest nie tylko najskuteczniejsz¹ ochron¹ przed Covid-19.,Coraz czêœciej jest te¿ przepustk¹ do swobodnego podró¿owania i korzystania z atrakcji turystycznych., ,,,,,
równoleg³y,Zaszczepmy siê,Z bardzo du¿ym prawdopodobieñstwem – siêgaj¹cym nawet 95% – szczepienie uchroni Ciê przed zaka¿eniem COVID-19. ,Zaszczepieni jeœli zachoruj¹ zdecydowanie ³agodniej przechodz¹ zaka¿enie COVID-19., ,,,,,
równoleg³y,Nie ryzykuj! Zaszczep siê na Covid-19!,"Zw³aszcza w jesienno-zimowym sezonie, kiedy nasza odpornoœæ bywa os³abiona, warto skorzystaæ z mo¿liwoœci jej wzmocnienia.","To tak¿e mo¿liwoœæ zadbania o swoich rodziców i dziadków, którzy ze wzglêdu na wiek czy choroby wspó³istniej¹ce, w przypadku zaka¿enia mog¹ przechodziæ koronawirusa znacznie ciê¿ej.", ,,,,,
równoleg³y,"Zaszczep siê, ",bo warto!,"Szczepienia przeciwko koronawirusowi to obecnie jedyne i najbardziej skuteczne rozwi¹zanie, które pozwoli na ochronê zdrowia i ¿ycia oraz pokonanie pandemii. ","Zadaniem szczepionek jest produkcja przeciwcia³ i stymulacja komórek odpornoœciowych, które zapobiegaj¹ zaka¿eniu siê koronawirusem lub ³agodz¹ objawy, kiedy do zaka¿enia dojdzie.",Szczepienie siê przeciwko COVID-19 upowa¿nia nas do otrzymania Statusu Osoby Zaszczepionej.,,,,
szeregowy,Zaszczep siê! ,"Je¿eli jesteœ w ci¹¿y i zakazisz siê koronawirusem, masz 20-krotnie wy¿sze ryzyko ciê¿kiej niewydolnoœci oddechowej, ",Nie bêdzie ona obojêtna dla twojego rozwijaj¹cego siê dziecka, ,,,,,
równoleg³y,Zaszczep siê przeciw COVID-19 i ¿yj swobodnie!,To najskuteczniejsza ochrona przed zachorowaniem na COVID-19,To swoboda ¿ycia i powrót do normalnoœci w kontaktach miêdzyludzkich,To brak kwarantanny po podró¿y lub kontakcie z osob¹ zaka¿on¹ SARS-CoV-2, ,,,,
równoleg³y,Zaszczepmy siê,Nie odbierajmy mo¿liwoœci leczenia siê innym osobom,"Osoba zaszczepiona, nawet jeœli jest zako¿ona, przenosi 6 raz mniejszy ³adunek wirusa", ,,,,,
równoleg³y,równoleg³y,Osoby z nisk¹ odpornoœci¹ s¹ nara¿one na wiêksze ryzyko ciê¿kiego przebiegu choroby COVID-19.,Szczepionka przeciwko COVID-19 to dzisiaj jedyna forma obrony przed ciê¿kim przebiegiem choroby i œmierci¹,"zaszczepienie siê to najlepsze, co mo¿emy teraz zrobiæ, by chroniæ siebie i innych.", ,,,,
równoleg³y,Szczepmy siê / Let's get vaccinated! ?,"Niech wygra Œwiadomoœæ, Nauka i Fakty! ",Wszystko zale¿y od nas a nie od ¿adnych polityków!, ,,,,,
szeregowy,Zaszczep siê,"Ka¿da osoba, która siê zaszczepi, ma szansê przerwaæ ³añcuch zaka¿eñ"," Nasze zaszczepienie siê to ochrona dla nas, dla naszych rodziców, dziadków, dzieci, znajomych i przyjació³.",,,,,,
szeregowy,Warto siê szczepiæ,"[Szczepienie] przyczynia siê do szybszego powrotu do normalnoœci, jak¹ znamy z czasów, zanim na œwiecie pojawi³ siê koronawirus.","Oznacza to powrót do aktywnoœci spo³ecznych, zawodowych oraz rekreacyjnych, które aktualnie s¹ ograniczane.", ,,,,,
szeregowy,Warto siê zaszczepiæ,Szczepionki s¹ najbardziej skuteczn¹ metod¹ chroni¹c¹ przed zara¿eniem ró¿nymi chorobami.,Ludzkoœæ z powodzeniem korzysta z tej zdobyczy cywilizacji od kilkuset lat. , ,,,,,
równoleg³y,Warto szczepiæ dzieci przeciwko wirusowi SARS-CoV-2,"Obecnie dzieci wcale nie choruj¹ tak ³agodnie, jak jeszcze rok czy pó³tora roku temu na pocz¹tku pandemii.","Powstaj¹ kolejne warianty koronawirusa, które s¹ coraz bardziej niebezpieczne dla coraz m³odszych osób.",Czêœæ dzieci mo¿e zachorowaæ powa¿nie lub mieæ d³ugo ci¹gn¹ce siê powik³ania po-covidowe,Przed tym wszystkim mo¿e uchroniæ dziecko szczepionka. , ,,,
równoleg³y,Zdecydowanie warto szczepiæ dzieci przeciwko COVID-19,Zmniejszamy ryzyko zachorowania dziecka na COVID-19.,Ponadto dziêki szczepieniom zmniejszamy ryzyko powik³añ – miedzy innymi zespo³u PIMS.,Zmniejszamy ryzyko przeniesienia zaka¿enia koronawirusem na innych domowników,"Uzyskujemy certyfikat, który zwalnia przyk³adowo z kwarantanny. ", ,,,
równoleg³y,Zaszczep siê,Ka¿dego roku na ca³ym œwiecie szczepienia ratuj¹ 2-3 mln istnieñ ludzkich.,Strategia szczepieñ w cyklu ca³ego ¿ycia uznaje rolê szczepieñ jako strategiê zapobiegania chorobom i maksymalizacji zdrowia przez ca³e ¿ycie.,Zaszczepienie siê? jest obowi¹zkiem nas wszystkim i nasz¹ odpowiedzialnoœci¹?.,Szczepienia s¹? niezbêdnym narzêdziem zdrowia., ,,,
szeregowy,Zaszczep siê,"Dziêki osi¹gniêciu poziomu odpornoœci zbiorowej mo¿emy wspólnie pokonaæ epidemiê i bezpiecznie wróciæ do zwyk³ych, codziennych aktywnoœci nieograniczonych restrykcjami sanitarnymi i epidemiologicznymi. ","Próg odpornoœci zbiorowej, po osi¹gniêciu którego liczba nowych zaka¿onych zaczyna siê zmniejszaæ, zwykle wymaga 90-95% populacji odpornej.",Uzyskaæ odpornoœæ populacyjn¹ mo¿emy tylko w wyniku zaszczepienia wysokiego odsetka spo³eczeñstwa., ,,,,
równoleg³y,Zaszczep siê,Zaszczep siê a zyskasz spokojne ¿ycie.,Osoby niezaszczepione maj¹ co najmniej 10x wy¿sze ryzyko zgonu z powodu COVID-19 w porównaniu do osób zaszczepionych.,Szczepionki ratuj¹ ¿ycie.,,,,,
równoleg³y,#zaszczep siê,"Szczepionki na koronawirusa s¹ dobrowolne, bezp³atne i skuteczne.","Szczepi¹c siê, zyskasz wewnêtrzny spokój, wynikaj¹cy z bezpieczeñstwa w³asnego i najbli¿szych.",Szczepionki s¹ badane przez najlepszych naukowców z ca³ej UE. Ich dopuszczenie do u¿ytku jest zale¿ne od decyzji Europejskiej Agencji Leków.,"Szczepi¹c siê, przyczyniasz siê do szybszego znoszenia ograniczeñ i powrotu nas wszystkich do normalnego ¿ycia.", ,,,
równoleg³y," Dlatego tak istotne znaczenie ma przyjêcie trzeciej dawki przypominaj¹cej,",Koronawirus stale mutuje,Odpornoœæ po zaszczepieniu powoli i stopniowo spada,[3 dawka] mobilizuje ponownie uk³ad odpornoœciowy do walki z patogenem., ,,,,
równoleg³y,Zaszczep siê,Dziêki szczepieniom uda³o siê skutecznie wyeliminowaæ lub zmniejszyæ iloœæ zachorowañ na terenie Europy na wiele œmiertelnych chorób,"W krajach trzeciego œwiata, gdzie nie ma obowi¹zkowych szczepieñ, nara¿onych na choroby zakaŸne s¹ miliony osób, wiele z nich umiera.", ,,,,,
szeregowy,Zaszczep siê,Istnieje równie¿ wiele chorób zakaŸnych,Jedynym skutecznym zabezpieczeniem przed tymi chorobami i ich groŸnymi powik³aniami s¹ szczepienia., ,,,,,
równoleg³y,Warto siê szczepiæ,Bo uchronisz siebie przed niebezpieczeñstwem,Bo uratujesz komuœ ¿ycie,Bo mo¿esz!,Bo pomo¿esz zwalczyæ pandemiê na œwiecie,Bo zyskasz spokój,Bo szczepionki s¹ bezpieczne,Bo zostaniesz zbadany,Bo dziêki Tobie szybciej wrócimy do normalnoœci!
równoleg³y,"Warto siê szczepiæ przeciwko COVID-19, bo ",znacznie zmniejszasz ryzyko zaka¿enia siê koronawirusem,chronisz siê przed ciê¿kim przebiegiem choroby (wymagaj¹cym hospitalizacji) i œmierci¹ z powodu COVID-19,mo¿esz bezpieczniej odwiedziæ swoich starszych bliskich,"mo¿esz bezpieczniej spotykaæ siê ze znajomymi w wiêkszych grupach,","chronisz siê przed ciê¿kimi powik³aniami pocovidowymi - w tym transplantacj¹ p³uc,zanikami pamiêci czy zakrzepic¹",stawiasz krok naprzód w marszu do swobodnego dostêpu do gastronomii i punktów us³ugowych,zbli¿asz siebie i innych do œwiata bez maseczek i bez obostrzeñ,chronisz swoje nienarodzone dziecko przed chorob¹
równoleg³y,Warto siê szczepiæ przeciwko COVID-19,"Osoby zaszczepione znacznie rzadziej trafiaj¹
do szpitala z powodu Covid-19 ni¿ osoby nieszczepione.","Dziêki szczepionce ryzyko zara¿enia siê i zaka¿enia innych
jest znacznie mniejsze","Ochrona, jak¹ zapewnia
szczepionka Covid-19, mo¿e pomóc w zmniejszeniu lêku i
sprawiæ, ¿e znów bêdziemy siê swobodniej kontaktowaæ. ","Dziêki szczepionce Covid-19 mo¿na w kontrolowany sposób
uzyskaæ lepsz¹ i d³ugotrwa³¹ ochronê, bez ryzyka zaka¿enia
koronawirusem. ",,,,
mieszany,Warto siê szczepiæ przeciwko COVID-19,"Szczepi¹c siê dajesz swój wk³ad w tej wojnie z wirusem – wk³ad w ratowanie gospodarki i przysz³oœci finansowej naszego kraju, miejsc pracy, edukacji dzieci i m³odzie¿y, zdrowia psychicznego spo³eczeñstwa, s³u¿by zdrowia i praktycznie ka¿dej innej ga³êzi ¿ycia spo³eczeñstwa.",Szczepi¹c siê bierzesz udzia³ w ratowaniu innych ,,"Wirusy mutuj¹
dosyæ szybko",,,,
równoleg³y,Warto siê szczepiæ przeciwko COVID-19,"Aby osi¹gn¹æ odpornoœæ populacyjn¹
zaszczepiæ powinno siê jak najwiêcej osób. ","... szczepionki s¹ najbardziej skutecznym rozwi¹zaniem ograniczaj¹cym
ryzyko transmisji kolejnych wariantów wirusa SARS-CoV-2.",,,,,,
szeregowy,"Uwierzmy nauce i faktom, zaszczepmy siê dawk¹ przypominaj¹c¹.","Badania przeprowadzone w innych krajach dowodz¹, ¿e pe³ne zaszczepienie siê znacz¹co zmniejsza ryzyko ciê¿kiej choroby.",Ochrona ta s³abnie z czasem.,Przyjêcie dawki przypominaj¹cej wzmocni zdolnoœæ organizmu do walki z wirusem.,,,,,
równoleg³y,Zaszczepcie siê.,"Zaszczepieni mo¿emy chorowaæ, jednak choroba ma wtedy ³agodniejszy przebieg.",Œmiertelnoœæ wœród zaszczepionych jest zdecydowanie ni¿sza.,S¹ oni [zaszczepieni] tak¿e rzadziej hospitalizowani.,"Pomyœlcie o swoich bliskich, bo to oni bêd¹ Was op³akiwaæ: o dzieciach, rodzicach, ma³¿onkach, narzeczonych, kole¿ankach i kolegach z pracy czy o gronie przyjació³.",,,,
szeregowy,Szczepmy siê dla siebie ale te¿ i z myœl¹ o innych.,tylko w ten sposób mamy szansê unikn¹æ kolejnych fal zachorowañ na covid.,"To bardzo wa¿ne w obecnej sytuacji w ochronie zdrowia, która jest dramatycznie z³a szczególnie ze wzglêdu na braki personelu.",,,,,,
równoleg³y,"Drogie osoby, pamiêtajcie o zaszczepieniu siê!",Liczba ofiar w Polsce na covid 19 przekroczy³a ju¿ 100 tys.,To nic nas nie kosztuje.,"Mo¿emy ocaliæ nie tylko swoje ¿ycie, ale równie¿ ¿ycie naszych bliskich. ",,,,,
równoleg³y, Jeœli wci¹¿ nie zaszczepi³aœ/nie zaszczepi³eœ siê przeciwko COVID – zrób to jak najszybciej.,zaka¿eñ przybywa,coraz wiêcej osób jest hospitalizowanych,"Szczepienie nie gwarantuje nieœmiertelnoœci, ale zmniejsza ryzyko zaka¿enia",w przypadku zachorowania przebieg choroby jest zdecydowanie l¿ejszy,,,,
równoleg³y,"Zaszczep siê Marysiu, chroñ swe ¿ycie m³ode",COVID zbiera ¿niwo,[COVID] nie pyta o zgodê,,,,,,
równoleg³y,Zaszczep siê i wspólnie zatrzymajmy kolejn¹ falê,"Wci¹¿ za ma³o z nas siê zaszczepi³o,","a ponad 99% zgonów na COVID-19, to osoby niezaszczepione",,,,,,
równoleg³y,Szczepimy siê,Codziennie na œwiecie z powodu zaka¿enia C-19 umieraj¹ tysi¹ce ludzi. ,Tylko szczepienia chroni¹ nas przed ciê¿kim przebiegiem choroby i zgonami ,,,,,,
równoleg³y,Szczepimy siê,Szczepienie przeciw koronawirusowi to najskuteczniejsza broñ w walce z ciê¿kim przebiegiem choroby oraz œmierci¹.,Pozwala unikn¹æ zachorowania na COVID-19 lub ³agodnie przejœæ przez zaka¿enie.,"Ryzyko zgonu z powodu COVID19, wœród osób niezaszczepionych w stosunku do zaszczepionych, jest blisko 60 razy wiêksze",,,,,
szeregowy,zaszczep siê,Tylko w pierwszym tygodniu grudnia w jednym z ma³opolskich szpitali zmar³o 25 pacjentów z COVID-19.,20 z nich nie by³o zaszczepionych.,"Niestety bardzo wiele osób niezaszczepionych przegrywa walkê z COVID-19, a przecie¿ nie musi tak byæ",,,,,
szeregowy,zaszczep siê,G³ówn¹ rol¹ szczepieñ jest zmniejszenie ryzyka hospitalizacji i zgonu z powodu COVID-19.,Osoby niezaszczepione by³y 10x czêœciej hospitalizowane z powodu COVID-19 ni¿ osoby zaszczepione.,,,,,,
równoleg³y,szczepimy siê,Szczepienie zwiêksza bezpieczeñstwo moje i innych.,"Osoby zaszepione nawet jeœli choruj¹, przechodza COVID-10 znacznie ³agoniej.",I mniej zara¿aj¹.,,,,,
równoleg³y,szczpimy siê,szczepienie (...) chroni przed ciê¿kim przebiegiem,"szczepienie pozostawia zdrowym domownikom pewien margines na normalne funkcjonowanie - ujemna, szczepiona osoba mo¿e nam nadal robiæ zakupy","chroniê w ten sposób moich pacjentów, moich kolegów w pracy, przyajció³, nieznajomych, których zwykle spotykam na si³owni, w sklepie, u fryzjera itd. - tam mo¿e byæ ktoœ, komu grozi powa¿ny, ciê¿ki przebieg infekcji koronawirusowej",,,,,
szeregowy,zaszczep siê,"Szczepi¹c siê, zyskasz wewnêtrzny spokój",wynikaj¹cy z bezpieczeñstwa w³asnego i najbli¿szych.,,,,,,
szeregowy,"szczepi¹c siê, nie bêdziesz laboratorium dla mutacji","Im wiêcej nieszczepionych osób, tym wiêcej mo¿liwoœci rozmna¿ania siê wirusa ",i wy¿sze ryzyko powstania wyj¹tkowo niebezpiecznego wariantu.,,,,,,
równoleg³y,zalecamy szczepienie wszystkim kobietom w ci¹¿y i karmi¹cym piersi¹," Jest to szczepienie bezpieczne, a dzia³ania niepo¿¹dane, które mogê po nim wystêpowaæ, nie stanowi¹ zagro¿enia dla ci¹¿y, p³odu czy karmienia piersi¹.",bn  ,,,,,,
równoleg³y,Szczepienia s¹ skutecznym sposobem walki z pandemi¹ COVID-19.,"Szczepi¹c najm³odszych, dbamy o bezpieczeñstwo starszych i osób, które zmagaj¹ siê z chorobami przewlek³ymi","Jednoczeœnie – troszczymy siê o nasze dzieci, które równie¿ mog¹ przechodziæ koronawirusa w sposób ciê¿ki.",,,,,,
równoleg³y,Szczepmy siê,Szczepienia przeciw COVID-19 uratuj¹ ¿ycie bardzo wielu ludzi!,Szczepienie przeciw COVID-19 z³agodzi przebieg ewentualnej infekcji. ,Szczepionki s¹ skuteczn¹ broni¹ przeciw chorobom zakaŸnym!,,,,,
równoleg³y,"Ka¿dy powinien siê zaszczepiæ, równie¿ osoba, która przechorowa³a COVID-19 (tzw. ozdrowieniec)",Odpornoœæ po szczepieniu jest silniejsza i d³u¿ej siê utrzymuje w porównaniu do odpornoœci po przechorowaniu COVID-19.,Mo¿liwe s¹ ponowne zachorowania na COVID-19 (nawet jeœli ju¿ siê zaszczepiliœmy).,"U istotnej grupy ozdrowieñców naturalna odpornoœæ jest s³aba, a szczepienie mo¿e skutecznie zwiêkszyæ i poprawiæ ochronê przed ponownym zachorowaniem.",Szczepionka uratuje nasz¹ gospodarkê!,,,,
równoleg³y,"Warto siê zaszczepiæ, bo","Szczepionka na Covid-19 jest bezpieczna, nie jest to eksperyment medyczny.","Szczepionki przeciwko COVID-19 s¹ wiêc nowymi, lecz dobrze przebadanymi lekami. Badania  nad  lekami  nie  opieraj¹  siê  o  prognozowanie  i  przypuszczenia, a o twarde dowody  z  badañ.",,,,,,
szeregowy,"Szczepmy siê, to ³agodzi przebieg chroby i ewentualne powik³ania.","Szczepimy siê, ¿eby nie chorowaæ",jednak zdarzaj¹ siê przypadki zachorowañ mimo zaszczepienia,"Na ogó³ w takiej sytuacji przebieg zachorowania jest ³agodniejszy i co bardzo wa¿ne, nie wystêpuj¹ powik³ania.",,,,,
szeregowy,Zaszczep siê przeciwko Covid-19,"W przypadku wiêkszoœci osób, które na ni¹ choruj¹, przebieg choroby jest lekki",jednak u czêœci chorych przebieg choroby jest powa¿ny,W najgorszym wypadku choroba ta mo¿e doprowadziæ do œmierci.,,,,,
równoleg³y,Zaszczep siê w trosce o zdrowie swoje i najbli¿szych.,Szczepionka jest ogromn¹ szans¹ na uodpornienie spo³eczeñstwa na zaka¿enie oraz zdobycie kontroli nad transmisj¹ wirusa SARS-CoV-2.,"Wdro¿enie masowych szczepieñ, przy wysokim procencie osób zaszczepionych, pozwoli na sta³e powróciæ do pe³nej funkcjonalnoœci szkó³, sklepów, obiektów sportowych i kulturalnych.",,,,,,
równoleg³y,Szczepimy siê,Szczepionka przeciwko Covid-19 jest bezp³atna i dobrowolna.,Szczepionki s¹ najbardziej skuteczn¹ metod¹ chroni¹c¹ przed zara¿eniem ró¿nymi chorobami. Ludzkoœæ z powodzeniem korzysta z tej zdobyczy cywilizacji od kilkuset lat.,,,,,,
równoleg³y,Zaszczep siê i wspólnie pokonajmy COVID-19!,"Decyduj¹c siê na szczepienie, mo¿esz ochroniæ nie tylko siebie, ale tak¿e swoich najbli¿szych oraz osoby, które nie mog¹ tego zrobiæ. ","Kiedy staniemy na wysokoœci zadania i zaszczepi siê 80% populacji, osi¹gniemy odpornoœæ stadn¹, która pozwoli nam pokonaæ koronawirusa i wróciæ do ¿ycia sprzed pandemii.",,,,,,
szeregowy,Ja bym takiej osobie (która przechorowa³a Covid-19 4 miesi¹ce wczeœniej) rekomendowa³ zaszczepienie siê.,"Oznaczanie przeciwcia³ to jest dobra metoda na wydawanie pieniêdzy, jak siê nie ma na co wydawaæ.",¯adne wskazania medyczne dzisiaj nie kieruj¹ nas do przeciwcia³.,"Tylko dla w³asnej zachcianki mo¿na sobie coœ tam oznaczyæ, ale nic z tego nie wynika tj. nie ma to znaczenia dla naszej diagnozy, kalendarza szczepieñ czy dla kwalifikacji do szczepienia.  ",,,,,
szeregowy,"Wybierz m¹drze, zaszczep sie.",W historii rozwoju medycyny szczepienia ochronne s¹ jednym z najwiêkszych osi¹gniêæ,"Szczepionki to odkrycie, które uratowa³o ¿ycie milionom ludzi","Historia pokazuje, ¿e szczepionki przeciw Covid mog¹ wywrzeæ podobny wp³yw na ansze ¿ycie.",,,,,
równoleg³y," Nie mo¿na mówiæ o zwi¹zku przyczynowo-skutkowym, pomiêdzy zaszczepieniem siê Astr¹ Zenec¹, a wyst¹pieniem zatoru p³uc. Jest to jedynie zwi¹zek czasowy, dlatego nie bójmy siê i szczepmy siê. "," Ka¿dy medyk wie, ¿e zakrzepica mo¿e wyst¹piæ spontanicznie z czêstoœci¹ 3/4 przypadki na milion.", W przypadku szczepienia Astr¹ Zenec¹ zaobserwowano 30 przypadków na 17 milionów zaszczepionych pacjentów w Europie.,,,,,,
równoleg³y,"Wybierz m¹drze, zaszczep sie.",Codziennie na œwiecie z powodu zaka¿enia C-19 umieraj¹ tysi¹ce ludzi.,Tylko szczepienia chroni¹  nas przed ciê¿kim przebiegiem choroby i zgonami.,,,,,,
równoleg³y,Warto siê zaszczepiæ.,Skuteczne jest wyhamowanie choroby ju¿ po 1 dawce.,Ryzko ewentualnych komplikacji jest znacz¹co mniejsze od mo¿liwoœci œmierci wskutek COVID-19 lub powa¿nych powik³añ po zaka¿eniu SARS-CoV-2.,"Dziêki szeczepieniom uda³o siê nam wyeliminowaæ inne choroby jak np. ró¿yczka, odra","Powinniœmy ufaæ nauce, nie teoriom spiskowym",,,,
szeregowy,Zachêcam wszystkich do szczepienia.,Pandemia przybiera na sile.,Szczepienia to nasza jedyna broñ do walki z pandemi¹.,,,,,,
równoleg³y,Warto siê zaszczepiæ.,"W poradni >99% pts to osoby z powik³aniami po COVID-19, tylko <1% po szczepieniu","W szpitalu ciê¿ki COVID i zgony to osoby po COVID, a nie po szczepieniu.","Szkoda ¿ycia, mamy tylko jedno.",,,,,
równoleg³y,Warto siê zaszczepiæ.,Szczepienie przeciwko koronawirusowi otwiera dostêp do legalnej aborcji w Austrii,szczepienie przeciwko koronawirusowi otwiera dostêp do anonimowego porodu w Austrii,,,,,,
równoleg³y,Warto siê zaszczepiæ,"Jeœli zaszczepi siê P/P teraz to zwiêkszy P/P swoj¹ odpornoœæ, a tym samym zmniejszy ryzyko zachorowania innych",Dziêki szczepionkom uda³o siê wyeliminowaæ lub znacznie ograniczyæ wiele chorób,"Dziêki skutecznej szczepionce zdolnoœæ koronawirusa do zaka¿enia kolejnych osób mo¿e zostaæ wyeliminowana, skutecznie go neutralizuj¹c",szczepionki s¹ najbardziej skutecznym rozwi¹zaniem ograniczaj¹cym ryzyko transmisji kolejnych wariantów wirusa SARS-CoV-2,Dotychczas zgromadzone dane pokazuj¹ ¿e ryzyko jest znacznie mniejsze ni¿ korzyœci p³yn¹ce z przyjêcia szczepionki.,,,
szeregowy,Zaszczep siê,Szczepienie minimalizuje ryzyko hospitalizacji i zgonu z powodu COVID-19,Chroñ siebie i innych,,,,,,
szeregowy,zaszczep siê,Choroba COVID-19 mo¿e byæ przyczyn¹ groŸnych powik³añ,Nie testuj swojego zdrowia,,,,,,
równoleg³y,zaszczep siê,Ochrona przed reinfekcj¹ wywo³an¹ wariantem Omicron w przypadku odpornoœci wytworzonej po wczeœniejszym zaka¿eniu mo¿e wynosiæ zaledwie ok. 19%,,,,,,,
szeregowy,Zaszczep siê,Tylko w pierwszym tygodniu grudnia zmar³o 25 pacjentów z COVID-19.,20 z nich nie by³o zaszczepionych,A szczepionka jest wci¹¿ na wyci¹gniêcie rêki,,,,,
szeregowy,Zaszczep siê na okres Bo¿ego Narodzenia,Dla wielu rodzin te Œwiêta mog¹ byæ dramatyczne.,"Ich bliscy byæ mo¿e s¹ w szpitalu, le¿¹ pod respiratorem. ","¯eby prze¿ywaæ spokojnie Œwiêta, musimy byæ odpowiedzialni.","Proszê wszystkich, ¿eby zwrócili uwagê na bezpieczeñstwo swoje i najbli¿szych",,,,
równoleg³y,Zaszczep siê w majówkê,"Szczepienia przeciw COVID-19 to nadzieja na szybki powrót do normalnoœci, za którym wszyscy têsknimy","jeœli masz ju¿ wystawione e-skierowanie (e-skierowanie wystawiane jest ka¿dej uprawnionej osobie, zgodnie z harmonogramem zapisów), zaszczep siê przeciw COVID-19 w majówkê!","Wystarczy przyjœæ i zaczekaæ na swoj¹ kolej – bez wczeœniejszego zapisywania siê na konkretny termin, czy godzinê.","równie¿ i w tym punkcie obecna bêdzie kadra medyczna, która zajmie siê pacjentami zgodnie ze wszystkimi obowi¹zuj¹cymi standardami i procedurami.",,,,
szeregowy,Zaszczep siê," z rosn¹cym niepokojem patrzymy na miejsca, gdzie procent wyszczepienia wynosi poni¿ej 50 proc., niekiedy niewiele przekraczaj¹c 40 proc.",Sytuacja tych powiatów w czasie nastêpnego wzrostu zaka¿eñ mo¿e byæ naprawdê trudna.,,,,,,
szeregowy,Zaszczep siê,Niedotlenienie i zapalenie p³uc wystêpuj¹ u dzieci czêœciej po COVID-19 ni¿ po grypie sezonowej,,,,,,,
szeregowy,"Wybierz m¹drze, zaszczep siê.",Osoby niezaszczepione by³y 10 razy czêœciej hospitalizowane z powodu COVID-19 ni¿ osoby zaszczepione,,,,,,,
szeregowy,Wybierz m¹drze.,"Statystyki pokazuj¹, ¿e dzieci równie¿ s¹ nara¿one na powa¿ny przebieg COVID-19.",Szczepienia minimalizuj¹ to ryzyko.,,,,,,
równoleg³y,"Nie ryzykuj przechorowaniem, zaszczep siê.",Szczepienia s¹ bezpieczne,[szczepienia] zmniejszaj¹ ryzyko hospitalizacji i zgonu z powodu COVID-19,,,,,,
szeregowy,Szczepimy siê!,Tylko zaszczepienie wystarczaj¹cej liczby osób mo¿e ograniczyæ powa¿ne zachorowania i zgony. ,"Mo¿emy to osi¹gn¹æ tylko wtedy, gdy ka¿dy z nas bêdzie w pe³ni zaszczepiony.",,,,,,
równoleg³y,Nie bój siê szczepiæ!,Choroba boli o wiele mocniej.,"Pamiêtaj, dziêki szczepieniu chronisz siebie i swoich najbli¿szych.",,,,,,
równoleg³y,"NIE BÓJ SIÊ, ZASZCZEP SIÊ !",Ka¿dy z nas mo¿e zatrzymaæ pandemiê.,"Przyjêcie szczepionki to nie tylko ochrona nas samych to tak¿e ochrona rodziców, dziadków, dzieci i przyjació³.",,,,,,
równoleg³y,Nie bójmy siê szczepionek przeciw COVID-19,"Jedyne, przed czym powinniœmy dr¿eæ, to fakt, ¿e bêd¹c niezaszczepionym, nara¿amy siê na ryzyko zaka¿enia albo, ¿e przy³o¿ymy rêkê do œmierci niezaszczepionej osoby, któr¹ zarazimy ",Przeciwwskazañ do szczepienia naprawdê jest bardzo niewiele.,"W samej tylko Polsce szczepionki przeciw COVID-19 otrzyma³y miliony ludzi, którzy ciesz¹ siê zdrowiem.",,,,,
równoleg³y,"Szczepienie ³agodzi przebieg choroby, wiêc warto siê zaszczepiæ.",Zaszczepiona bratowa z bratem przeszli kovida lekko parê dni.,Niezaszczepiona córka ju¿ trzeci tydzieñ ciê¿ko choruje.,,,,,,
szeregowy,Szczepienie jest bezpieczne i ³agodzi przebieg choroby.,Zdrowi ludzie nie odczuwaj¹ skutków ubocznych szczepienia.,"Szczepienie nie chroni przed zachorowaniem, ale bardzo du¿o pomaga.","Ludzie, którzy Ÿle znosz¹ szczepienie mielu ju¿ wczeœniej coœ nie tak z uk³adem odpornoœciowym.",,,,,
równoleg³y,Zaszczepcie siê,Po przyjêciu szczepionki zachorowanie na COVID-19 przebiega zdecydowanie ³agodniej,Szczepionka chroni przed zgonem,,,,,,
szeregowy,Szczepcie siê!,Przyjêcie szczepionki bêdzie oznaczaæ wiêksz¹ swobodê w Polsce i za granic¹,Szczepienia zwiêkszaj¹ szansê na choæby czêœciowe z³agodzenie niekiedy doœæ uci¹¿liwych œrodków ostro¿noœci,"Dodatkowo osoby, które przyjm¹ szczepionkê, bêd¹ mog³y bez obaw o swoje zdrowie poruszaæ siê nie tylko po zak³adzie pracy, ale i poza nim - w œrodkach komunikacji miejskiej, placówkach publicznych czy odwiedzaj¹c rodzinê i znajomych",,,,,
równoleg³y,Zaszczep swoje dziecko przeciw COVID-19,"Pozwoli to ustabilizowaæ pracê szkó³, ¿ycie rodzinne",Ka¿da kolejna zaszczepiona osoba w populacji przyspiesza jednak koniec tej pandemii,Szczepionka ochroni dzieci przed hospitalizacj¹ z powodu zaka¿enia wirusem SARS-COV-2,,,,,
szeregowy,Szczepmy siê,Szczepionka daje nam mo¿liwoœæ pokonania koronawirusa poprzez przerwanie jego transmisji z cz³owieka na cz³owieka.,"Ka¿da osoba, która siê zaszczepi, ma szansê przerwaæ ³añcuch zaka¿eñ.","Nasze zaszczepienie siê, to nie tylko ochrona dla nas. To tak¿e ochrona naszych rodziców, dziadków, dzieci i przyjació³.",,,,,
równoleg³y,Szczepmy siê,Po zaszczepieniu ryzyko transmisji koronawirusa jest zmarginalizowane.,W obecnej sytuacji pandemicznej kluczowa jest m. in. wysoka skutecznoœæ ochrony przed ciê¿kimi objawami koronawirusa.,,,,,,
równoleg³y,Szczepmy siê,Szczepienia przeciwko Covid 19 znacznie zmniejszaj¹ ryzyko ciê¿kiego przebiegu.,Przyjêcie co najmniej II dawek szczepionki redukuje ryzyko wystêpowania d³ugotrwa³ych skutków,,,,,,
szeregowy,Przyjmij trzeci¹ dawkê,Badania potwierdzaj¹ skuteczn¹ ochronê szczepionek,Przyjêcie dawki przypominaj¹cej szczepionki Novavax ok. 6 miesiêcy po przyjêciu schematu dwudawkowego spowodowa³o wzmocnion¹ odpowiedŸ immunologiczn¹ (tak¿e wobec wariantu Delta i Omikron),,,,,,
szeregowy,Zaszczep swoje dzieci!,Szczepienia dzieci zmniejszaj¹ ryzyko ciê¿kiego covid 19 i zgonu,Badania potwierdzi³y skutecznoœæ i bezpieczeñstwo szczepionek,,,,,,
szeregowy,"Wybierz m¹drze, zaszczep siê",Osoby niezaszczepione by³y 10x czêœciej hospitalizowane z powodu COVID-19 ni¿ osoby zaszczepione. ,Szczepienie minimalizuje ryzyko hospitalizacji i zgonu przeciwko COVID-19.,,,,,,
równoleg³y,Zaszczep siê,Szczepienie przeciw COVID-19 redukuje ryzyko ciê¿kiego przebegu choroby.,Szczepienie przeciw COVID-19 redukuje ryzyko ciê¿kich powik³añ. ,,,,,,
równoleg³y,Warto siê szczepiæ,Z bardzo du¿ym prawdopodobieñstwem - siêgaj¹cym nawet 95% - szczepienie urchoni ciê przed zaka¿eniem COVID-19,"Im wiêcej bêdzie zaszczepionych osób, tym szybciej osi¹gniemy odpornoœæ populacyjn¹","Szczepi¹c siê, zyskasz wewnêtrzny spokój, wynikaj¹cy z bezpieczeñstwa w³asnego i najbli¿szych.",Szczepionki s¹ bezpieczne.,"Szczepi¹c siê, przyczyniasz siê do szybszego znoszenia ograniczeñ i powrotu nas wszystkich do normalnego ¿ycia. ",,,
równoleg³y,Szczepionki przeciw COVID-19 s¹ rekomendowane dla osób w ci¹¿y,Wed³ug CDC osoby w ci¹¿y (nawet zdrowe) s¹ dwukrotnie bardziej nara¿one na ciê¿ki przebieg COVID-19,"Ostry, objawowy przebieg choroby mo¿e wywo³aæ komplikacje zwi¹zane z u³o¿eniem p³odu lub zbyt ma³¹ iloœci¹ p³ynu owodniowego, przyspieszyæ poród, a nawet zakoñczyæ siê poronieniem lub urodzeniem martwego dziecka. ","Przyjêcie szczepionki przeciw COVID-19 chroni nie tylko przysz³¹ matkê, ale i nowo narodzone dzecko. ",Mechanizm dzia³ania szczepionek przeciw COVID-19 nie wi¹¿e siê z du¿ym ryzykiem niepo¿¹danych zdarzeñ u p³odu lub zaszczepionej przysz³ej matki.,,,,
szeregowy,patriotycznie jest siê szczepiæ,Je¿eli tylko w zesz³ym roku zmar³o ponad pó³ miliona Polaków,a liczba ofiar samego covid przekroczy³a ju¿ 100 tys.,i jednoczeœnie mamy jeden z najni¿szych przyrostów naturalnych w Europie,"to trzeba u¿yæ argumentu: nie szczepisz siê, wyludniasz Polskê",,,,
szeregowy,zaszczep siê,Wci¹¿ za ma³o z nas siê zaszczepi³o,a ponad 99% zgonów na koronawirusa to osoby niezaszczepione,,,,,,
równoleg³y,Z tego punktu widzenia ka¿da zaszczepiona osoba jest na wagê z³ota.,"Koronawirusa najprawdopodobniej nie uda siê zupe³nie eradykowaæ (tak jak eradykowano np. ospê prawdziw¹), chocia¿by dlatego, ¿e infekuje on nie tylko ludzi, ale i zwierzêta. ","Jeœli rezerwuarem wirusa mo¿e byæ inny ni¿ cz³owiek gatunek, to eradykacja staje siê w praktyce niemo¿liwa","Tym, co chcemy osi¹gn¹æ jest spowolnienie i ograniczenie transmisji wirusa.",,,,,
szeregowy,zaszczepiê sie na covid-19,"sama odpowiedŸ uk³adu odpornoœci u ozdrowieñców jest istotnie zwi¹zana z przebiegiem klinicznym – na ogó³ najwy¿szy poziom przeciwcia³ notuje siê u osób, które przesz³y ciê¿ki stan choroby.","Podanie szczepionki powoduje natomiast relatywnie równomiern¹, siln¹ odpowiedŸ ze strony uk³adu immunologicznego, niekiedy silniejsz¹ ni¿ u ozdrowieñców.","Istnieje wiêc szansa, ¿e zaszczepienie bêdzie chroni³o przed COVID-19 d³u¿ej ni¿ przechorowanie.",,,,,
szeregowy,Szczepmy siê!,"WHO potwierdza czwart¹ falê i dodaje, ¿e Europa znów bêdzie epicentrum œwiatowych zaka¿eñ.",Jeœli nie poprawi siê liczba ludzi zaszczepionych — czeka nas 500tys. zgonów tej zimy!,,,,,,
szeregowy,Nie zwlekaj! Zaszczep siê.,Walka z epidemi¹ trwa.,Najwiêksz¹ nadziej¹ w walce z koronawirusem i bezpiecznym sposobem powrotu do tak zwanej normalnoœci jest zaszczepienie jak najwiêkszej liczby obywateli.,Tak¹ tezê potwierdzaj¹ lekarze.,,,,,
równoleg³y,Zaszczepmy siê!,"Do dzisiaj nie zosta³o wynalezione lekarstwo na COVID-19, a jedynym wyjœciem z tej sytuacji jest osi¹gniêcie odpornoœci populacyjnej oraz szybkie przerwanie transmisji wirusa. Mo¿emy tego dokonaæ jedynie poprzez szczepienie jak najwiêkszej liczby osób","Jak zapewniaj¹ specjaliœci, korzyœci ze szczepieñ wielokrotnie przewy¿szaj¹ ryzyko","Teraz mo¿emy sprawiæ, ¿e œwiat stanie siê wolny od zgonów powodowanych koronawirusem SARS CoV-2, a rzeczywistoœæ powróci do normalnoœci.",,,,,
równoleg³y,zaszczepmy siê!,"zw³aszcza dla osób starszych kontakt z osob¹ niezaszczepion¹, która choruje bezobjawowo mo¿e i jest œmiertelnym zagro¿eniem.","Zaszczepienie siê, to nie tylko odpowiedzialnoœæ za siebie, ale tak¿e za tych wszystkich, z którymi siê spotykamy.",,,,,,
równoleg³y,Idz?cie sie? szczepic?,"Im wie?cej oso?b sie? zaszczepi, tym mniej be?dzie roznosi³ sie? wirus","Im mniej sie? roznosi, tym mniej mutuje",Generalnie szczepionki sa? spoko,Wie?cej z³ego moz?e sie? Wam stac? od nie zaszczepienia sie? (i Waszym bliskim) niz? od zaszczepienie sie?,,,,
równoleg³y,Do³¹cz do milionów ludzi i zaszczep siê.,"Aby pomóc chroniæ najm³odszych, osoby w wieku produkcyjnym oraz starszych cz³onków naszych spo³ecznoœci","aby pomóc nam iœæ do przodu, odrobiæ straty i móc znowu spotykaæ siê bezpiecznie",,,,,,
równoleg³y,IdŸciê siê zaszczepiæ!,¯ebyœcie usiedli na tej widowni,(po œl¹sku) ¯ebyœcie mogli ogl¹daæ to co jo mom do was przygotowane,,,,,,
równoleg³y,Musimy siê zaszczepiæ!,¯eby z tego badziewia wyjœæ,¯eby wróciæ do normalnoœci,¯eby zacz¹æ chodziæ na imprezy,¯eby zacz¹æ uprawiaæ sport,,,,
szeregowy,"Uspokojeni? To hop, hop, zapisujemy siê na szczepienie tu: https://szczepimysie.pacjent.gov.pl",z jednej strony mamy ból g³owy (...),"z drugiej [strony] gwarancjê nie zachorowania (i unikniêcia mo¿liwych ciê¿kich powik³añ, np. neurologicznych czy kardiologicznych) i nie umarcia","myœlê, ¿e to drugie jest jednak trochê wa¿niejsze, i bardziej priorytetowe.",,,,,
szeregowy,Szczepmy siê,"Czy osoby zaszczepione choruj¹? Tak. Ale rzadziej, ³agodniej, z mniejszym ryzykiem zgonu. ","Dziœ, w drugim roku pandemii koronawirusa, przekroczyliœmy w Polsce granicê 100 000* ¿yæ, z czego czêœæ mo¿na by³o uratowaæ",,,,,,
równoleg³y,Szczepmy siê!,"Osoby nieszczepione by³y oko³o cztery i pó³ razy bardziej nara¿one na COVID-19 i ponad 10 razy czêœciej hospitalizowane. A¿ 11 razy bardziej prawdopodobne jest, ¿e umr¹ z powodu tej choroby",Ewentualne konsekwencje szczepienia s¹ zdecydowanie ³agodniejsze ni¿ konsekwencje nieszczepienia.,"Pamiêtajmy, ¿e pracujemy z pacjentami, za których jesteœmy odpowiedzialni.",,,,,
równoleg³y,Szczepmy siê,"To najprawdopodobniej jedyna droga, by nie dopad³a nas kolejna fala pandemii ",i abyœmy wrócili do nauczania stacjonarnego,,,,,,
szeregowy,#SzczepimySiê,"Badania Europejskiej Agencji Leków potwierdzi³y, ¿e zasadne jest, aby szczepiæ równie¿ dzieci","powik³ania (np. zapalenie p³uc, niedotlenienie) wystêpuj¹ u nich czêœciej ni¿ z powodu grypy sezonowej.",,,,,,
równoleg³y,#SzczepimySiê,Nie bagatelizujmy œmiertelnego wirusa jakim jest #Covid_19,Codziennie na œwiecie z powodu zaka¿enia C-19 umieraj¹ tysi¹ce ludzi,Tylko szczepienia chroni¹  nas przed ciê¿kim przebiegiem choroby i zgonami.,,,,,
równoleg³y,"Nie ryzykuj, #ZaszczepSiê ",Na przestrzeni lat szczepienia uratowa³y ¿ycie milionom ludzi na ca³ym œwiecie.,Pandemia COVID-19 przypomnia³a nam jak wa¿na jest ochrona przed groŸnymi chorobami zakaŸnymi.,,,,,,
,Zarejestruj siê na szczepienie,"Dane epidemiologiczne potwierdzaj¹, ¿e liczba zaka¿eñ i hospitalizacji dzieci w wieku 5-11 lat w ostatnich miesi¹cach wzros³a",COVID-19 to zagro¿enie dla dzieci i m³odzie¿y. ,"W tej grupie osób COVID-19, czêœciej ni¿ grypa sezonowa, powoduje powik³ania takie jak zapalenie p³uc czy niedotlenienie. ",,,,,
równoleg³y,Szczepmy siebie i swoje dzieci,Kolejne warianty [wirusa] s¹ coraz groŸniejsze dla naszych pociech,Korzyœci [z zaszczepienia siê] s¹ zdecydowanie wiêksze niz ryzyka,,,,,,
szeregowy,#Szczepimysiê,"Pokonanie pandemii COVID-19 i powrót do normalnoœci s¹ mo¿liwe, gdy przerwiemy ³añcuch zaka¿eñ.","Aby efekty by³y jak najlepsze i jak najszybsze, wszyscy musimy byæ solidarni.",Ka¿dy z nas mo¿e zatrzymaæ pandemiê.,"Przyjêcie szczepionki to nie tylko ochrona nas samych - to tak¿e ochrona naszych rodziców, dziadków, dzieci i przyjació³.",,,,
równoleg³y,#Szczepimysiê,Szczepienie pozwala unikn¹æ zachorowania na COVID-19 lub ³agodnie przejœæ przez zaka¿enie.,"Pandemia jeszcze siê nie skoñczy³a, a koronawirus wci¹¿ jest niebezpieczny",Wspólnie mo¿emy unikn¹æ IV fali koronawirusa.,,,,,
szeregowy,Zaszczep siê i wspólnie zatrzymajmy kolejn¹ falê,"Nie szczepi¹c siê, skazujecie nas [lokale gastronomiczne] na powrót obostrzeñ, a siebie na brak dostêpu do takich miejsc.",Ponad 99% zgonów na COVID-19 to osoby niezaszczepione.,Konieczny mo¿e byæ kolejny lockdown.,,,,,
równoleg³y,Warto siê szczepiæ,Z bardzo du¿ym prawdopodobieñstwem – siêgaj¹cym nawet 95% – szczepienie uchroni Ciê przed zaka¿eniem COVID-19.,"Nawet jeœli czujesz siê m³ody i silny, poprzez zaszczepienie przerwiesz ³añcuch zaka¿eñ.","Od wybuchu epidemii na COVID-19 zmar³o ju¿ ponad 1,5 mln ludzi na ca³ym œwiecie. Ka¿dy zaszczepiony to potencjalnie od kilku do kilkunastu osób uchronionych przed zara¿eniem.","Szczepi¹c siê, zyskasz wewnêtrzny spokój, wynikaj¹cy z bezpieczeñstwa w³asnego i najbli¿szych.","Szczepi¹c siê, przyczyniasz siê do szybszego znoszenia ograniczeñ i powrotu nas wszystkich do normalnego ¿ycia.",,,
szeregowy,Warto siê szczepiæ,Szansa na powrót do sytuacji sprzed pandemii,Mniejsze ryzyko zachorowania na COVID-19,"Ochrona osób, które nie mog¹ poddaæ siê szczepieniu","Obecnoœæ osób zaszczepionych w danej populacji zmniejsza prawdopodobieñstwo zachorowania na chorobê COVID-19 u osób, które nie zosta³y jeszcze zaszczepione lub które nie mog¹ zostaæ poddane szczepieniu. Dziêki temu chronimy tak¿e naszych najbli¿szych i ca³e spo³eczeñstwo. ",,,,
równoleg³y,Warto siê szczepiæ,Dopuszczone do stosowania szczepionki na COVID-19  przechodz¹ oficjaln¹ weryfikacjê,Szczepionki s¹ skuteczn¹ broni¹ przeciw chorobom zakaŸnym,Ciê¿kie niepo¿¹dane odczyny poszczepienne s¹ bardzo rzadkie,Szczepienie przeciw COVID-19 z³agodzi przebieg ewentualnej infekcji,,,,
szeregowy,Warto siê szczepiæ,Szczepionka mo¿e zapobiec zachorowaniu na COVID-19.,"Otrzymanie szczepionki na COVID-19 mo¿e z³agodziæ przebieg choroby, gdy jednak zachorujesz.","Ochronisz innych - rodzinê, przyjació³ i znajomych, szczególnie osoby o podwy¿szonym ryzyku ciê¿kiego przebiegu COVID-19.",(...)Szczepienia s¹ skuteczn¹ metod¹ ograniczania rozprzestrzeniania siê chorób zakaŸnych. A dziêki ograniczeniu epidemii bêdzie mo¿na powoli znosiæ obostrzenia i wracaæ do normalnego ¿ycia.,,,,
równoleg³y,Zaszczep siê przeciw COVID-19,"S¹ ju¿ obserwacje, równie¿ prace z Polski, które mówi¹, ¿e przechorowanie COVID-19 pozostawia odpornoœæ na krótszy okres czasu ni¿ szczepienie.","S¹ liczne prace, które mówi¹, ¿e odpornoœæ po przechorowaniu to jest inna odpornoœæ ni¿ po szczepieniu.",,,,,,
równoleg³y,Zaszczep siê przeciw COVID-19,Technologia wytwarzaniach nowych szczepionek dopuszczonych do obrotu nie jest nowoœci¹.,"Przy tej pandemii zwiêkszono zasoby zarówno ludzkie (ekspertów), finansowe, jak i organizacyjne na tak¹ skalê, jaka w historii chorób zakaŸnych nie mia³a miejsca.","Wszystkie szczepionki przesz³y pe³ne wyniki badañ: przedklinicznych (in vitro, laboratoryjnych), nastêpnie badania na profilach zwierzêcych (tu mówimy o kwestiach toksykologicznych) oraz wszystkich badañ klinicznych: pierwszej, drugiej i trzeciej fazy, gdzie ustalaliœmy dawki. ",,,,,
szeregowy,Zaszczep siê przeciw COVID-19,"Od samego pocz¹tku zak³adane by³o, ¿e szczepionka ma chroniæ przed chorob¹.","Co wiêcej, przy kolejnych badaniach ustalono, ¿e szczepionka chroni przed ciê¿kim przebiegiem choroby.","A wiêc my to w tej chwili wykorzystujemy, patrz¹c na to, jak normalnie, w praktyce, w klinice, przyjmujemy pacjentów.",My widzimy tê ró¿nicê przebiegu samej choroby u pacjentów zaszczepionych i pacjentów niezaszczepionych.,"I gwarantujê pañstwu, ¿e ta ró¿nica jest olbrzymia – to jest zupe³nie inny przebieg tej choroby.",Korzyœci zastosowania szczepionki s¹ bardzo du¿e.,,
równoleg³y,Zaszczep siê przeciw COVID-19,"To jest szczepionka tzw. zabita, która nie powoduje ¿adnych powik³añ czy problemów u osób, które maj¹ choroby przewlek³e wspó³istniej¹ce.",To jedna z najbezpieczniejszych szczepionek.,,,,,,
równoleg³y,Zaszczep siê przeciw COVID-19,Szczepionki s¹ œciœle monitorowane.,"Je¿eli cokolwiek by siê pojawi³o, ¿e ten stosunek korzyœci do ryzyka by³by niew³aœciwy, ¿e wiêksze ryzyko niesie ze sob¹ szczepionka, Europejska Agencja Leków natychmiast wycofa tak¹ szczepionkê.",,,,,,
szeregowy,Zaszczep siê przeciw COVID-19,"Mamy do wyboru albo siê zaszczepiæ now¹ szczepionk¹ zbadan¹ na 70 tys. osobach, które potwierdzi³y jej skutecznoœæ i bezpieczeñstwo, albo zaraziæ siê dzikim koronawirusem, co grozi, w przypadku hospitalizacji, dziesiêcioprocentow¹ œmiertelnoœci¹. ","Wiêc maj¹c do wyboru zachorowanie albo szczepienie, wybór szczepionki jest znacznie bezpieczniejszy.",,,,,,
równoleg³y,Zaszczep siê przeciw COVID-19,"Szczepienia, jeœli popatrzymy na historiê medycyny, wielokrotnie tak naprawdê ratowa³y ludzkoœæ i powodowa³y, ¿e groŸne patogeny po prostu by³y eradykowane, czyli znika³y – przestawa³y byæ istotnym problemem zdrowotnym.","Im wiêcej osób bêdzie odpornych, nawet tych, dla których przechorowanie by³oby niegroŸne, tym wiêksza szansa, ¿e ochronimy tych, którzy z powodu choroby mog¹ po prostu umrzeæ.",,,,,,
szeregowy,Zaszczep siê przeciw COVID-19,Koronawirusy rzeczywiœcie siê zmieniaj¹.,"Natomiast wiemy, ¿e w przypadku wirusa SARS-CoV-2, ten kolec, czyli „spike”, wobec którego produkowane s¹ przeciwcia³a (dziêki podaniu szczepionki), to jest ta czêœæ taka bardzo sta³a, która w³aœnie nie mutuje.",,,,,,
równoleg³y,Zaszczep siê przeciw COVID-19,"Ca³e spo³eczeñstwo powinno skorzystaæ z dobrodziejstw, jakie nios¹ ze sob¹ szczepienia.","Im szybciej zaszczepimy siê jako populacja, tym szybciej osi¹gniemy odpornoœæ zbiorowiskow¹. ","Skuteczne szczepienie jest nasz¹ jedyn¹, najwa¿niejsz¹ broni¹ z epidemi¹.",,,,,
szeregowy,#ZaszczepSiê,Szczepienie przeciwko COVID-19 redukuje ryzyko ciê¿kiego przebiegu choroby oraz powik³añ. ,"Skutkami COVID-19 mog¹ byæ uszkodzenia nerek, uszkodzenia uk³adu nerwowego, zakrzepy naczyñ krwionoœnych etc. ",,,,,,
równoleg³y,Zaszczep siê jeœli jeszcze tego nie zrobi³_œ!,Globalna pandemia siê skoñczy.,Bêdziesz móg³/mog³a spotykaæ siê z ludŸmi jak kiedyœ. ,Twoja rodzina dostanie miejsce w szpitalu gdy stanie siê jej coœ z³ego.,,,,,
szeregowy,#SzczepimySiê,Dziêki szczepieniom osi¹gniemy odpornoœæ zbiorow¹. ,Brak osi¹gniêcia odpornoœci zbiorowej równa siê ponownemu pe³nemu zamkniêciu gospodarki lub udostêpnieniu jej tylko osobom zaszczepionym i posiadaj¹cym aktualny wynik testu.,,,,,,
szeregowy,"Wybierz m¹drze, zaszczep siê.",G³ównym zadaniem szczepieñ przeciw COVID-19 jest zmniejszenie ryzyka hospitalizacji i zgonu.,Osoby niezaszczepione by³y 10x czêœciej hospitalizowane z powodu COVID-19 ni¿ osoby zaszczepione.,,,,,,
równoleg³y,"Zaszczep siê, szczepionka jest bezpieczna",Szczepionki przeciwko COVID-19 zosta³y starannie przebadane ,,Szczepionki przeciwko COVID-19 zosta³y dopuszczone do obrotu dopiero po wczeœniejszym przetestowaniu,"Ulotki szczepionek s¹ ogólnodostêpne, mo¿na bez problemu zweryfikowaæ ich sk³ad",,,,
równoleg³y,Zaszczep siê przeciw COVID-19,Dziêki zaszczepieniu siê ³agodniej przejdziesz chorobê,"Je¿eli jesteœ zaszczepiony, po przebytej chorobie nie wyst¹pi¹ powik³ania",,,,,,
szeregowy,Zaszczep siê przeciw COVID-19,Dziêki przyjêciu szczepionki przeciwko COVID-19 powiekszasz grupê osób zaszczepionych,,"Im wiêcej osób zaszczepionych, tym wiêksze prawdopodobieñstwo powrotu do ¿ycia sprzed pandemii",,,,,
równoleg³y,Zaszczep siê przeciw COVID-19,Szczepienia zabezpieczaj¹ w oko³o 90% przed zaka¿eniem oraz praktycznie w 100% chroni¹ przed ciê¿kim przebiegiem choroby,"Dziêki temu, ¿e zaszczepisz siê przeciwko COVID-19 ochronisz swoich bliskich przed potencjalnym zara¿eniem ich oraz osoby które nie mog¹ poddaæ siê szczepieniu",,,,,,
równoleg³y,"Wybierz m¹drze, zaszczep siê. ","Badania potwierdzi³y, ¿e szczepionki przeciw COVID-19 dla dzieci w wieku powy¿ej 5 roku ¿ycia s¹ bezpieczne i zmniejszaj¹ ryzyko ciê¿kiego przebiegu choroby. ","Pandemia zostanie z nami tym d³u¿ej, im wiêkszy odsetek populacji pozostanie niezaszczepiony. ",,,,,,
szeregowy,"Zaszczep siê, noœ maseczki i uwa¿aj na siebie dla kotków.",Kotki te¿ zara¿aj¹ siê covidem.,Kotek bez bardzo kosztownego i bolesnego leczenia nie prze¿yje FIPa.,,,,,,
równoleg³y,Zachêcam raz jeszcze bardzo gor¹co wszystkich mieszkañców Suwa³k by zdecydowali siê przyj¹æ szczepionkê przeciw koronawirusowi.,"Wszyscy têsknimy za normalnoœci¹ i zniesieniem oganiczeñ w funkcjonowaniu jednostek, organizacji i firm. To umo¿liwi nam szczepionka.","Staniemy siê bezpieczni dla rodziny, znajomych i naszych wspó³pracowników. ",Przede wszystkim zagwarantujemy bezpieczeñstwo w³asnego zdrowia.,Ta choroba nie jest zwyk³ym sezonowym przeziêbieniem. ,,,,
równoleg³y,Osoby m³ode powinny siê szczepiæ,"Wiemy ju¿, ¿e wirus nie wybiera. Zaka¿a zarówno osoby starsze jak i osoby m³odsze. ",Osoby m³odsze bardzo czêsto maj¹ wiêcej kontaktów miêdzy sob¹ i to ryzyko zaka¿enia jest wiêksze.,"Wiemy te¿, ¿e wirus siê zmieni³, sta³ siê bardziej patogenny. Te wariany brytyjskie, o których mówi siê tak du¿o, to jest wirus, który jest bardziej zjadliwy, czyli potrafi wyrz¹dziæ wiêksz¹ krzywdê ale te¿ bardziej zakaŸny, czyli jest w stanie zakaziæ wiêksz¹ liczbê osób. ",Szczepienia w wiêkszoœci przypadków chroni¹ przed ciê¿kim przebiegiem choroby. ,Niezale¿nie od grupy wiekowej m³odzi te¿ choruj¹ ciê¿ko.,,,
